date,fx_dees
2009-01-05,0.0057189840930441695
2009-01-06,-0.0012407051515085424
2009-01-07,-0.006403134938336263
2009-01-08,0.011030030460262118
2009-01-09,0.0018180137034340025
2009-01-12,0.014124389378986324
2009-01-13,0.006300443498252706
2009-01-14,3.948778588248457e-4
2009-01-15,0.010993446556873792
2009-01-16,-0.011578689182143016
2009-01-19,0.010834359577207887
2009-01-20,0.013188045727227631
2009-01-21,-0.003488683125063645
2009-01-22,-0.003342066693356887
2009-01-23,0.012911764631290389
2009-01-26,-0.008858258760427085
2009-01-27,-0.005294186476328005
2009-01-28,-0.0024032452268265294
2009-01-29,0.00766171352927314
2009-01-30,0.016811994970556694
2009-02-02,0.005848011076210089
2009-02-03,8.637971678231087e-5
2009-02-04,0.0014219844479870529
2009-02-05,-0.002806998882291306
2009-02-06,-0.0023710606974688964
2009-02-09,-0.010550436403834476
2009-02-10,0.00225965447569723
2009-02-11,0.009926448770448874
2009-02-12,0.005634628709670338
2009-02-13,-0.0033971413828192483
2009-02-16,0.010557307661719986
2009-02-17,0.013097727336519606
2009-02-18,-7.035894266888174e-4
2009-02-19,-0.005887283647292378
2009-02-20,0.010234743812117694
2009-02-25,-0.0075360084816832006
2009-02-26,0.0012392105683349005
2009-02-27,0.007942431828107875
2009-03-02,0.010746681872577605
2009-03-03,-0.0010471077678658209
2009-03-04,-0.0010009183476472265
2009-03-05,0.003160420784555403
2009-03-06,-9.308940189332447e-4
2009-03-09,0.0013260928761076435
2009-03-10,-0.01172161064646392
2009-03-11,-0.009039400919714266
2009-03-12,0.002622176088128672
2009-03-13,-0.01219707859711792
2009-03-16,-0.010132564704818813
2009-03-17,0.0019118749440432477
2009-03-18,-0.0029399526788457895
2009-03-19,-0.01932433346146876
2009-03-20,0.0023258114432438298
2009-03-23,-0.0020473345682768583
2009-03-24,7.069480028753896e-4
2009-03-25,0.002643223815233917
2009-03-26,-0.006010278495854466
2009-03-27,0.01262110525751787
2009-03-30,0.013130865287600699
2009-03-31,-0.007323363737244684
2009-04-01,-0.003954854828374342
2009-04-02,-0.013212244718957083
2009-04-03,-0.006432643715727551
2009-04-06,-0.009412016442612914
2009-04-07,0.011289568642496715
2009-04-08,0.0012340002526171389
2009-04-09,-0.007577566030328538
2009-04-13,6.862241598681873e-4
2009-04-14,-0.005938990963755442
2009-04-15,0.007232681757289627
2009-04-16,-0.003234126388048226
2009-04-17,0.0019945265024576245
2009-04-20,0.0089130739428577
2009-04-22,0.002797608173447269
2009-04-23,-0.0042999488971316915
2009-04-24,-0.007376697230244162
2009-04-27,0.006028790062305871
2009-04-28,0.00724136246997673
2009-04-29,-0.015537878610283861
2009-04-30,-0.007862434406711381
2009-05-04,-0.001589107927625756
2009-05-05,-0.01193847148052361
2009-05-06,0.005633593248400036
2009-05-07,-0.011484148022853769
2009-05-08,-7.77349465831926e-4
2009-05-11,-0.0019801993947551537
2009-05-12,-0.001700438315185299
2009-05-13,0.003420370130351221
2009-05-14,0.009895943090504839
2009-05-15,-4.71740158400744e-4
2009-05-18,-0.0036536442514576205
2009-05-19,-0.010923978938535616
2009-05-20,-0.0036248370615682072
2009-05-21,-0.0013496741557783283
2009-05-22,-0.007481490276029019
2009-05-25,5.194467924114196e-4
2009-05-26,0.00669064865015865
2009-05-27,6.257211496217157e-4
2009-05-28,1.439485169337755e-4
2009-05-29,-0.009988977034883398
2009-06-01,-0.007296590641953207
2009-06-02,0.001906314042670066
2009-06-03,-8.00444537167915e-4
2009-06-04,0.006528087761839189
2009-06-05,-0.0028417334722084784
2009-06-08,0.011331820104514907
2009-06-09,-0.0047484183330789645
2009-06-10,-0.0068657602385491494
2009-06-12,0.0012501850612126753
2009-06-15,0.008150786597958303
2009-06-16,-0.0030316738836416897
2009-06-17,0.004662739247069917
2009-06-18,0.0015822217061449385
2009-06-19,-0.003182078310429289
2009-06-22,0.0038795027186243614
2009-06-23,9.458039820223839e-4
2009-06-24,-0.004009325745024705
2009-06-25,0.0011141400482846456
2009-06-26,-0.006074280951928912
2009-06-29,-1.4606854485911023e-4
2009-06-30,-0.0068909553399538635
2009-07-01,-4.5630421119308737e-4
2009-07-02,-1.8598847651421648e-4
2009-07-03,0.0021637495442910376
2009-07-06,0.006979831616941829
2009-07-07,-0.003175237679887781
2009-07-08,0.008512512722001259
2009-07-10,0.002818217305138514
2009-07-13,0.002593054839391861
2009-07-14,-0.005766265563178225
2009-07-15,-0.008130659212619983
2009-07-16,-0.0033592837834182858
2009-07-17,0.002602211123836342
2009-07-20,-0.011058450314674485
2009-07-21,-0.0012355964438329438
2009-07-22,3.9574614111210246e-4
2009-07-23,-0.00364585062284884
2009-07-24,-0.00336652364930855
2009-07-27,-0.0023006364236648424
2009-07-28,4.633403875037476e-4
2009-07-29,0.007563126316907806
2009-07-30,0.001526030996073142
2009-07-31,-0.004890524767123767
2009-08-03,-0.007077929684968784
2009-08-04,6.311450324253164e-4
2009-08-05,-1.8882700976626343e-4
2009-08-06,0.0037245121060604544
2009-08-07,0.0030446272543366757
2009-08-10,-0.0015015273786099033
2009-08-11,0.00704368952040532
2009-08-12,0.0033443581638115906
2009-08-13,-0.011563004165521812
2009-08-14,9.338526189946987e-4
2009-08-17,0.012891330792708804
2009-08-18,-0.004197738164957136
2009-08-19,0.0036148982432931817
2009-08-20,-0.007184761520636985
2009-08-21,-0.005206896320066814
2009-08-24,-0.002092017481930529
2009-08-25,3.8517416371408304e-4
2009-08-26,0.004108380263218788
2009-08-27,0.0028779477522244733
2009-08-28,-0.003133048894643892
2009-08-31,0.0034704756916039956
2009-09-01,8.678359124366916e-4
2009-09-02,0.006254419309283154
2009-09-03,-0.00611484389926576
2009-09-04,-0.0013459423710162446
2009-09-08,-0.00961573055165696
2009-09-09,-0.0012176477137294324
2009-09-10,0.001234454008137478
2009-09-11,-0.00107558125966768
2009-09-14,8.632052117785698e-4
2009-09-15,-0.004150216289577799
2009-09-16,-0.007136833309556772
2009-09-17,-0.003777585654930766
2009-09-18,0.0014757749926222064
2009-09-21,0.0026759128568747004
2009-09-22,-0.0047130848477886355
2009-09-23,-0.0013633474792782401
2009-09-24,-0.0016123812709085549
2009-09-25,0.0035909674216523567
2009-09-28,0.0022928466451026795
2009-09-29,0.0013874089229432387
2009-09-30,-0.004215667646813175
2009-10-01,0.005445727010670853
2009-10-02,0.0013669623228752216
2009-10-05,-0.006142692293383852
2009-10-06,-0.0068959443201563825
2009-10-07,9.555690969586733e-4
2009-10-08,-0.0038899540467154468
2009-10-09,3.8546018700015344e-4
2009-10-13,-0.0038906151532149325
2009-10-14,-0.004695740854070581
2009-10-15,6.27175610130575e-4
2009-10-16,0.0021066081510600835
2009-10-19,-0.0014679783720434384
2009-10-20,-0.0036361085540213937
2009-10-21,0.007003395939365504
2009-10-22,0.0010380322687247954
2009-10-23,-0.0026855791952621858
2009-10-26,0.0016807804684802388
2009-10-27,0.008376805903573037
2009-10-28,0.008257220009472809
2009-10-29,8.931134902736735e-4
2009-10-30,-0.0028871945668535516
2009-11-03,0.00819404718470543
2009-11-04,-0.005730956119888042
2009-11-05,-0.0054814546160680995
2009-11-06,-0.0033026133839161045
2009-11-09,-0.005811663413041606
2009-11-10,-2.153117489963432e-5
2009-11-11,-0.006097162167534905
2009-11-12,0.005488656717629273
2009-11-13,-9.393078549137512e-4
2009-11-16,-0.00454480804065956
2009-11-17,0.002456544437610216
2009-11-18,-0.0026762373069523053
2009-11-19,0.007149199931129224
2009-11-23,-0.002527581211434897
2009-11-24,-5.95163451825347e-4
2009-11-25,-0.00499160368442338
2009-11-26,0.005356100928020413
2009-11-27,0.008088782501501876
2009-11-30,-0.003656741737006589
2009-12-01,-0.005216736169009295
2009-12-02,-0.0021266083999232645
2009-12-03,-0.003793735615237846
2009-12-04,9.32652776256451e-4
2009-12-07,0.008965683075590153
2009-12-08,0.0036251035019057606
2009-12-09,0.0014191063727740664
2009-12-10,-4.91631240573571e-4
2009-12-11,-0.0012067730886909437
2009-12-14,0.001905553476620414
2009-12-15,0.004169005246096247
2009-12-16,-1.7853748295757068e-4
2009-12-17,0.007747435049263396
2009-12-18,5.612413429610239e-4
2009-12-21,-3.415141005780594e-4
2009-12-22,0.002088533547713752
2009-12-23,-6.24339712037581e-4
2009-12-28,-0.006684915777863968
2009-12-29,-5.9946779232489256e-5
2009-12-30,0.0019729560936281223
2010-01-04,-0.007410827167868003
2010-01-05,-0.006153137459350498
2010-01-06,6.239642297462456e-4
2010-01-07,5.74212690872141e-4
2010-01-08,-6.37957598665245e-4
2010-01-11,-0.012113112745435353
2010-01-12,0.00460688721361283
2010-01-13,-0.003700424957313536
2010-01-14,0.001691604666789657
2010-01-15,0.0011953086834398312
2010-01-18,-4.3460486026734786e-4
2010-01-19,0.0035374170096520003
2010-01-20,0.004906149124521139
2010-01-21,0.003242137829816118
2010-01-22,0.004835489146338327
2010-01-26,0.0025542352249421393
2010-01-27,-3.116265590954079e-4
2010-01-28,0.0010434451462462049
2010-01-29,4.707762176783171e-4
2010-02-01,0.0013733215856664134
2010-02-02,-0.004676108323317087
2010-02-03,-0.003762563484095836
2010-02-04,0.007506798094352274
2010-02-05,0.011120326889147459
2010-02-08,9.6784567629634e-4
2010-02-09,-0.004698040106292641
2010-02-10,-0.0010383466701932604
2010-02-11,-0.0020583714365753846
2010-02-12,0.0019187023856909618
2010-02-17,-0.008111881275664496
2010-02-18,0.005276071878499892
2010-02-19,0.002618543242054883
2010-02-22,-0.004789907214492672
2010-02-23,0.0013258250768862399
2010-02-24,0.0032434260012815944
2010-02-25,0.0030342655387986745
2010-02-26,-0.0033799625498526368
2010-03-01,-0.0020476911337608383
2010-03-02,-0.0040775868287833885
2010-03-03,-0.003905803386141721
2010-03-04,-3.108981326655637e-4
2010-03-05,5.08347764357051e-4
2010-03-08,-0.006193145281343863
2010-03-09,0.0044481820951806144
2010-03-10,-0.0038497216507825437
2010-03-11,-6.850884578589821e-4
2010-03-12,-0.004261875150909092
2010-03-15,0.0017153635374198416
2010-03-16,-0.0010045796374832763
2010-03-17,-0.004854280926304402
2010-03-18,0.002677001682993145
2010-03-19,0.002631513810779514
2010-03-22,0.006784744685626311
2010-03-23,-0.0035728297787633984
2010-03-24,0.0034175253709527015
2010-03-25,3.5623400334571755e-5
2010-03-26,1.4816140994265337e-4
2010-03-29,-0.004540275727451646
2010-03-30,-0.001301561038514587
2010-03-31,-8.078202812035926e-4
2010-04-01,-0.0015501603420258602
2010-04-05,0
2010-04-06,-0.0024321694449336733
2010-04-07,6.016514710002138e-4
2010-04-08,0.003004330709922302
2010-04-09,-0.0040663808801465655
2010-04-12,-0.005425128147199677
2010-04-13,0.0019349942325850124
2010-04-14,-0.003348419645215776
2010-04-15,0.0016224474126186152
2010-04-16,4.2471161991755455e-4
2010-04-19,0.007763262163737768
2010-04-20,-0.003561146472281147
2010-04-22,0.001968275008496518
2010-04-23,1.8066195730586623e-4
2010-04-26,-0.00277133628083916
2010-04-27,0.0036967544888428763
2010-04-28,0.006582618525912845
2010-04-29,-0.0037238524909915
2010-04-30,-0.003158159506200537
2010-05-03,0.004205638085529008
2010-05-04,0.006919751041990867
2010-05-05,0.010934618878644903
2010-05-06,0.010810910746522176
2010-05-07,0.005168260349930872
2010-05-10,-0.01835929279162881
2010-05-11,0.007733300006062527
2010-05-12,-0.004084232616696341
2010-05-13,-9.453612061582175e-4
2010-05-14,0.005130351418867728
2010-05-17,0.008573679865475473
2010-05-18,-0.0035824069693572436
2010-05-19,0.01502577847265137
2010-05-20,0.007223570139350932
2010-05-21,2.4047256076153065e-4
2010-05-24,-0.0016014085177522592
2010-05-25,0.011088704250387323
2010-05-26,-0.01041891787127184
2010-05-27,-0.002534966490931764
2010-05-28,-0.00780639585972448
2010-05-31,0.004141629732314229
2010-06-01,0.009539260160548799
2010-06-02,-0.002428980558003303
2010-06-04,0.005821224078496086
2010-06-07,0.006948068380443449
2010-06-08,-0.0012467614567707175
2010-06-09,-0.002629621755574086
2010-06-10,-0.0018896946551034454
2010-06-11,-0.005889507103920222
2010-06-14,-0.0069379326763645555
2010-06-15,0.0019688379259776814
2010-06-16,-0.00204235312622224
2010-06-17,-0.004599075582870728
2010-06-18,-0.0013207110016434727
2010-06-21,-0.007939284462012457
2010-06-22,0.007420414104532252
2010-06-23,0.0012348156475407669
2010-06-24,0.005157094925582605
2010-06-25,0.0010935213705518328
2010-06-28,-0.0026208522737389242
2010-06-29,0.007746189353896079
2010-06-30,-0.0017332277243199412
2010-07-01,0.0017779223120001763
2010-07-02,-0.0059453324515504734
2010-07-05,-0.001988104503930838
2010-07-06,-0.0036342040541459397
2010-07-07,0.0019848254474926132
2010-07-08,-0.006569843964417913
2010-07-12,1.958548570149105e-6
2010-07-13,2.06135633071679e-4
2010-07-14,-0.004780535167047339
2010-07-15,-0.00260061367197121
2010-07-16,-0.0019543123188947107
2010-07-19,0.005981149810589802
2010-07-20,0.002394562794923312
2010-07-21,-0.00402677085080027
2010-07-22,-0.0011179540610447042
2010-07-23,-0.0031616543391592903
2010-07-26,-0.0022747044325708756
2010-07-27,-0.006914085346729738
2010-07-28,0.00107425860094097
2010-07-29,-0.0025522198201599505
2010-07-30,5.408480939310152e-4
2010-08-02,-0.005777072154690532
2010-08-03,-0.003716320773117615
2010-08-04,0.0012326090729154412
2010-08-05,-0.002426353473057264
2010-08-06,-9.100367951936978e-6
2010-08-09,-0.0023460375781260583
2010-08-10,0.004228346215230372
2010-08-11,0.005797183404669147
2010-08-12,0.007854214250752573
2010-08-13,-0.0022203936858204783
2010-08-16,-3.710493027740373e-4
2010-08-17,-0.004542984639351868
2010-08-18,-0.0027135443568311176
2010-08-19,-2.8848221889471155e-4
2010-08-20,0.007301085094072113
2010-08-23,1.5647656030830457e-4
2010-08-24,0.0074159411276650475
2010-08-25,-0.00015081470256983768
2010-08-26,-0.0037877609090057125
2010-08-27,0.0012191782495565792
2010-08-30,-0.001580538173399771
2010-08-31,0.0051862895800951665
2010-09-01,-0.006104536925260896
2010-09-02,-0.0030672605978155996
2010-09-03,-0.0025201656946257293
2010-09-06,-0.0025778914832225042
2010-09-08,0.00588914860778732
2010-09-09,-0.0036668807241770846
2010-09-10,-0.0022174786065681487
2010-09-13,-0.0031916974680411053
2010-09-14,-4.935615517778944e-4
2010-09-15,-0.003885990223284388
2010-09-16,-0.0012213697541804825
2010-09-17,7.835118063458964e-4
2010-09-20,-0.001293196118420869
2010-09-21,-0.0019016436357277215
2010-09-22,-0.006981703600358956
2010-09-23,0.002624688217390834
2010-09-24,-0.004378775143446972
2010-09-27,-0.004252127592953841
2010-09-28,0.001907718939076439
2010-09-29,-0.006327040866519096
2010-09-30,-9.111525394372404e-4
2010-10-01,-0.005075480027755538
2010-10-04,4.303951717302076e-4
2010-10-05,-0.0012054756727408451
2010-10-06,-0.006750720312507014
2010-10-07,-0.002374689568769692
2010-10-08,0.005283088408678068
2010-10-11,-0.0042651256871495775
2010-10-13,-4.299613741255192e-4
2010-10-14,-0.006476335591594747
2010-10-15,0.0015741703089774991
2010-10-18,0.0076884095743875594
2010-10-19,0.0025949856962260826
2010-10-20,0.0018178139982831798
2010-10-21,-0.005373835782000992
2010-10-22,0.0037334840905888147
2010-10-25,-0.007449453244953392
2010-10-26,0.00531075421650063
2010-10-27,0.005647881424392887
2010-10-28,-0.0017564124165529496
2010-10-29,-9.752485442931619e-4
2010-11-01,-0.003702321947083359
2010-11-03,-0.004305178422987446
2010-11-04,-0.008689153816910784
2010-11-05,0.004150044747791592
2010-11-08,0.005766196310377608
2010-11-09,-0.0013209170225650614
2010-11-10,0.004109938555642208
2010-11-11,0.004491365872101553
2010-11-12,0.0023758953908815414
2010-11-16,0.006019279085048025
2010-11-17,0.008002499924785779
2010-11-18,-0.009329994692553047
2010-11-19,-5.687689902086747e-4
2010-11-22,1.0855905548366959e-5
2010-11-23,0.010302954935668211
2010-11-24,0.002307351650162878
2010-11-25,-0.0010524856605304248
2010-11-26,0.00848807590013648
2010-11-29,0.0022394071080401763
2010-11-30,0.005156871679852974
2010-12-01,-0.007925661653273403
2010-12-02,-0.0017913589252669421
2010-12-03,-0.003951215583844489
2010-12-06,-0.0014439348161543054
2010-12-07,-0.004646655567226111
2010-12-08,0.007877506394978815
2010-12-09,-0.002435589867504584
2010-12-10,-0.0010546043259240332
2010-12-13,5.072258565989993e-4
2010-12-14,-0.0063722355122018
2010-12-15,0.0026603902583616397
2010-12-16,0.003713547366490848
2010-12-17,1.1476356247468398e-4
2010-12-20,0.004098148025312878
2010-12-21,-8.21517920178103e-4
2010-12-22,1.0959841152752865e-4
2010-12-23,4.952141412351037e-4
2010-12-27,-0.003099027208853981
2010-12-28,-0.00140441293043911
2010-12-29,0.0025533810639203434
2010-12-30,-0.0060581945629530135
2011-01-03,-0.0055957930307962995
2011-01-04,-0.0035834546960279113
2011-01-05,0.005996033859487435
2011-01-06,6.309665194572743e-4
2011-01-07,0.005489553682554181
2011-01-10,0.00439297311383057
2011-01-11,-0.00476667712545895
2011-01-12,-0.005130819404341598
2011-01-13,-0.004408587170750021
2011-01-14,6.473444750133503e-4
2011-01-17,-8.169535252912857e-4
2011-01-18,-0.0031170294094247184
2011-01-19,-0.002419277753404994
2011-01-20,0.007287849933380097
2011-01-21,-0.0012999829835837063
2011-01-24,-0.0018794950114994682
2011-01-26,-0.002066933302894486
2011-01-27,-8.065159637300742e-4
2011-01-28,0.0019174168942686174
2011-01-31,0.004080635492093593
2011-02-01,-0.004406367546841711
2011-02-02,-0.004014688692097616
2011-02-03,0.001992693349819438
2011-02-04,0.0018585572189480386
2011-02-07,-8.273192228174534e-4
2011-02-08,-0.002170198416124968
2011-02-09,0.0015768694012565584
2011-02-10,0.005638122683826858
2011-02-11,0.0018479985243552834
2011-02-14,1.3865883107431665e-4
2011-02-15,-0.00196448646261818
2011-02-16,-8.486156238165948e-4
2011-02-17,-0.002609644265394762
2011-02-18,-0.0030836052005836253
2011-02-21,-7.533692373436546e-4
2011-02-22,0.004328351223796095
2011-02-23,-0.002125017375320019
2011-02-24,0.002855497711687819
2011-02-25,-0.0034489826715829773
2011-02-28,-0.003423674280841014
2011-03-01,-4.7290507247074585e-4
2011-03-02,8.179069022507622e-4
2011-03-03,-0.0034681616076228717
2011-03-04,-0.0026050550024678647
2011-03-09,-0.0018280207150550652
2011-03-10,0.003050655011345108
2011-03-11,0.0038496724178835287
2011-03-14,-0.005753180257948672
2011-03-15,0.007447826717903043
2011-03-16,-0.0031491212419458847
2011-03-17,6.074629734043485e-4
2011-03-18,-0.005342834061905561
2011-03-21,-0.003829636295679617
2011-03-22,-0.002439840491240782
2011-03-23,9.31088632337169e-4
2011-03-24,-8.851757282163569e-4
2011-03-25,-0.0017184371685449525
2011-03-28,0.0030895116206478964
2011-03-29,-6.290760564716844e-4
2011-03-30,-0.001828617656058804
2011-03-31,-0.004206930837358853
2011-04-01,5.360294067626417e-4
2011-04-04,-0.004053798378641007
2011-04-05,4.1306296278984114e-4
2011-04-06,-0.005861920498015897
2011-04-07,1.802009157314485e-4
2011-04-08,-0.005109058540847965
2011-04-11,0.001279604379492062
2011-04-12,8.625187949210814e-4
2011-04-13,-7.939007613777644e-4
2011-04-14,0.0036825794492588043
2011-04-15,-0.0028411854231004427
2011-04-18,0.003546929419260068
2011-04-19,-3.5306246566425034e-4
2011-04-20,-0.007541981598349196
2011-04-25,-0.0035845022382263725
2011-04-26,-0.00334516357792854
2011-04-27,-0.002122707983420414
2011-04-28,-0.003952569497121013
2011-04-29,-0.0038754194368729703
2011-05-02,-1.005444635426143e-4
2011-05-03,0.003970720953356301
2011-05-04,-0.0017204494515511454
2011-05-05,0.004882127936289496
2011-05-06,0.007025035266696654
2011-05-09,-5.619077107210803e-4
2011-05-10,0.001436895340838842
2011-05-11,-2.2834371088699767e-4
2011-05-12,0.010773129355923065
2011-05-13,-0.0030737085350851395
2011-05-16,0.006961176831079178
2011-05-17,-1.9662745230616512e-4
2011-05-18,-0.0020295469176410644
2011-05-19,-0.0029588315962849523
2011-05-20,3.3967119923473444e-4
2011-05-23,0.010537616514274406
2011-05-24,-0.002594820451894201
2011-05-25,0.00297227320560055
2011-05-26,-0.0049271363231666475
2011-05-27,-0.0031866287978420714
2011-05-30,-0.0021470088421135453
2011-05-31,-0.004046878601255796
2011-06-01,-0.0035288638751844238
2011-06-02,2.3197745882503953e-4
2011-06-03,-0.0019990007615244393
2011-06-06,-0.0019138841853354519
2011-06-07,-0.0014118801208912618
2011-06-08,0.002374706272333505
2011-06-09,-8.619332103992846e-4
2011-06-10,0.0016116799833918295
2011-06-13,0.005616391580323399
2011-06-14,-0.003797980744513675
2011-06-15,0.0050335693068860815
2011-06-16,0.011220763858046878
2011-06-17,-0.007028831084941398
2011-06-20,0.0027258139024462736
2011-06-21,-0.0060135883402430085
2011-06-22,-7.862530513345097e-4
2011-06-24,0.007318091640967081
2011-06-27,0.003099404366462891
2011-06-28,-0.0014791523298769193
2011-06-29,-0.006410022567067592
2011-06-30,-0.003281429094879147
2011-07-01,-0.003923007137601597
2011-07-04,-0.0033968758056840288
2011-07-05,0.0017206019415725489
2011-07-06,0.0036714027010102636
2011-07-07,-1.4822498794600075e-4
2011-07-08,-0.003660234119604419
2011-07-11,0.008981553804732919
2011-07-12,0.007025348826854519
2011-07-13,-0.0029834361941559924
2011-07-14,-0.004483194388295764
2011-07-15,0.0016157210217544956
2011-07-18,0.004858177163560459
2011-07-19,-0.00400258902039455
2011-07-20,-0.003937306965537034
2011-07-21,-3.738205953385429e-4
2011-07-22,-0.006204278078543781
2011-07-25,0.0028149487570168453
2011-07-26,-0.0043165206003590246
2011-07-27,-0.0014219084735767403
2011-07-28,0.004558910889941904
2011-07-29,0.0019057335429879998
2011-08-01,-0.006936102689694444
2011-08-02,0.009992417439425237
2011-08-03,-8.586218290300824e-4
2011-08-04,0.005574018405763057
2011-08-05,0.006544876537950918
2011-08-08,0.0017946101174751588
2011-08-09,0.008012434747956496
2011-08-10,-0.007559332830865325
2011-08-11,0.011803706411787138
2011-08-12,-0.007215931191200311
2011-08-15,-0.0032790598249512587
2011-08-16,-4.191327911283796e-4
2011-08-17,-0.00560685063100069
2011-08-18,0.006708674937382486
2011-08-19,0.001480484174852201
2011-08-22,-8.604501977941855e-4
2011-08-23,-0.0023954767038938864
2011-08-24,0.0031165392284626145
2011-08-25,2.6810913936872884e-4
2011-08-26,4.209385898761668e-4
2011-08-29,-0.004460488781853175
2011-08-30,0.001131201366294558
2011-08-31,-0.003417133349757869
2011-09-01,0.0022449532137887585
2011-09-02,0.002254574604216217
2011-09-05,0.008251057040307461
2011-09-06,0.0027584932752640944
2011-09-08,0.002042329804806383
2011-09-09,0.008792173794814315
2011-09-12,0.009312336838723597
2011-09-13,0.00382720432143853
2011-09-14,9.718980251460609e-4
2011-09-15,1.9373294017789954e-4
2011-09-16,3.009458452381337e-4
2011-09-19,0.011873918299998159
2011-09-20,-5.881382808632841e-4
2011-09-21,0.011502993436113029
2011-09-22,0.0143938712005104
2011-09-23,0.0027030978803839374
2011-09-26,-0.007089536955489172
2011-09-27,-0.008301301527817752
2011-09-28,8.975441181951044e-4
2011-09-29,0.0038832125491100075
2011-09-30,0.006524956800221985
2011-10-03,0.004666578976140628
2011-10-04,0.009075912004871544
2011-10-05,-0.007458686969493267
2011-10-06,-0.001713226600967516
2011-10-07,-0.006827029915025578
2011-10-10,-0.009267053053584162
2011-10-11,0.0019960852452657798
2011-10-13,-0.0070164137127161075
2011-10-14,-0.0021328232578836648
2011-10-17,-0.002192629383648433
2011-10-18,0.009481102398289054
2011-10-19,-0.0077303216264526025
2011-10-20,0.004739783952041846
2011-10-21,0.00407265619535091
2011-10-24,-0.005965518172410551
2011-10-25,-0.006272413512769064
2011-10-26,9.197875363004274e-4
2011-10-27,-0.007821397644124706
2011-10-28,-0.0076782965573548925
2011-10-31,0.005959667582034134
2011-11-01,0.02109690880855244
2011-11-03,-0.008961333466501263
2011-11-04,-5.013264831354768e-4
2011-11-07,0.004254313803610626
2011-11-08,-0.002024367218576283
2011-11-09,0.007341281150645672
2011-11-10,0.0027681454139092984
2011-11-11,-0.001179506179549457
2011-11-14,7.388568228419624e-4
2011-11-16,0.007471221060843805
2011-11-17,0.0015218500104611584
2011-11-18,-0.0032187793670014984
2011-11-21,0.008208716159743746
2011-11-22,-2.4322439551940472e-4
2011-11-23,0.007099302809080145
2011-11-24,0.0010202358865238287
2011-11-25,0.008696913228476285
2011-11-28,-0.007681284179137014
2011-11-29,-0.0016293071313838842
2011-11-30,-0.00602128564274987
2011-12-01,-0.008398460768773965
2011-12-02,-0.002395927049251091
2011-12-05,0.0013387319886042418
2011-12-06,0.0029084183819375374
2011-12-07,5.533268636882818e-4
2011-12-08,-0.0010506015151191949
2011-12-09,0.007337277389082155
2011-12-12,0.005461947232040924
2011-12-13,0.003631357739659654
2011-12-14,0.007510626794620691
2011-12-15,-0.002366136213253282
2011-12-16,-0.003703209683399474
2011-12-19,0.002665522144986726
2011-12-20,-0.0023050432506128414
2011-12-21,-0.0022841611614844146
2011-12-22,2.2260521847791557e-4
2011-12-23,-4.369896750435695e-4
2011-12-26,-0.0035233261691463014
2011-12-27,0.0013141137554125246
2011-12-28,0.0013450687932533509
2011-12-29,0.0075617828176395225
2012-01-02,-0.0026991578385218585
2012-01-03,-0.002582100976320594
2012-01-04,0.0016380187414100488
2012-01-05,0.004188292143030427
2012-01-06,-9.918291839204254e-4
2012-01-09,7.121470661298231e-4
2012-01-10,-0.006484848050721365
2012-01-11,0.002868076547818919
2012-01-12,-0.004168913576344156
2012-01-13,-0.0025003029889231025
2012-01-16,0.0033238423434265494
2012-01-17,-0.0060927803612187996
2012-01-18,-0.003625176085132926
2012-01-19,-0.006203795571544823
2012-01-20,5.49336575116717e-4
2012-01-23,-0.006268569303175717
2012-01-24,0.0018354129932036491
2012-01-26,-0.011540341174189088
2012-01-27,-0.0027705833646109543
2012-01-30,0.004936173237233738
2012-01-31,-0.006506283297912485
2012-02-01,-0.0011526055215729013
2012-02-02,-1.0515140249479144e-4
2012-02-03,-0.004378967055100497
2012-02-06,0.0023770499465599905
2012-02-07,-0.0019412191954481196
2012-02-08,-0.007027790180041796
2012-02-09,0.0020302509285946395
2012-02-10,0.007128099380136921
2012-02-13,-0.004471825914594099
2012-02-14,0.004239363613959823
2012-02-15,5.656728427561451e-4
2012-02-16,0.008769409952051005
2012-02-17,-0.009655997919690167
2012-02-22,-0.0020857149458720636
2012-02-23,-0.001880690858755208
2012-02-24,-0.0030443869858376845
2012-02-27,0.003170646224631072
2012-02-28,-0.005714506018923789
2012-02-29,-0.003059127685793212
2012-03-01,0.004846552583677137
2012-03-02,0.001674857923375708
2012-03-05,0.002753449587138307
2012-03-06,0.005944531277784586
2012-03-07,0.002433335350347089
2012-03-08,-0.008139430745516527
2012-03-09,-0.0013623584831077284
2012-03-12,0.004001172069255835
2012-03-13,0.0018062131848959153
2012-03-14,9.327250074686658e-4
2012-03-15,7.073068664203284e-4
2012-03-16,-0.003056012885893902
2012-03-19,-0.0010148930725846627
2012-03-20,9.305998992720513e-4
2012-03-21,6.280702874574594e-4
2012-03-22,0.004587160679772109
2012-03-23,-0.0019493235687483969
2012-03-26,-0.0037622956047582176
2012-03-27,-0.003290510565451698
2012-03-28,0.0018746044530713688
2012-03-29,0.004654015960740747
2012-03-30,-0.003166651817811336
2012-04-02,6.485114463056569e-4
2012-04-03,-0.0023048585127901818
2012-04-04,0.007139832037707435
2012-04-05,0.0027201205321992247
2012-04-09,3.5919541774687147e-4
2012-04-10,0.001869094931516593
2012-04-11,0.001961667261591281
2012-04-12,-0.002220354802107489
2012-04-13,-0.002171065494643579
2012-04-16,0.005864733334488915
2012-04-17,-0.004493881589577046
2012-04-18,9.219799618277166e-4
2012-04-19,0.0012311255474628231
2012-04-20,-0.00247363772274141
2012-04-23,0.003727550991858362
2012-04-24,-0.001995120129682714
2012-04-25,-0.004639594267047304
2012-04-26,-0.0013015123880882767
2012-04-27,-0.00114275264660764
2012-04-30,-0.0012388073316308833
2012-05-02,0.0024778452282750176
2012-05-03,6.681187302204174e-4
2012-05-04,0.001115036946775838
2012-05-07,0.005193881964241969
2012-05-08,6.856967971689233e-4
2012-05-09,0.008944670330272434
2012-05-10,-0.0022554887898099266
2012-05-11,0.0026891031949368765
2012-05-14,0.007044040849731987
2012-05-15,8.169922550048378e-4
2012-05-16,0.00790362417182509
2012-05-17,0.0031599019041199487
2012-05-18,-7.958870897488084e-4
2012-05-21,5.227034041100218e-4
2012-05-22,-0.001702017316097619
2012-05-23,0.010183977433342229
2012-05-24,0.0022991682369528817
2012-05-25,0.0019665796009294325
2012-05-28,-0.0034767763390277035
2012-05-29,0.0031242713362801674
2012-05-30,0.005563759080700661
2012-05-31,0.0038164209161612715
2012-06-01,0.006577251953455587
2012-06-04,-0.0063627276031412135
2012-06-05,-0.0019056737189799774
2012-06-06,-0.006153202521663158
2012-06-08,-8.802788740746766e-4
2012-06-11,-0.004595464411627059
2012-06-12,0.0042371850272536525
2012-06-13,-0.0032440460653443064
2012-06-14,8.945545510145621e-4
2012-06-15,-0.0038906005378973887
2012-06-18,-0.002204318600009896
2012-06-19,-0.003088329839755085
2012-06-20,-0.0024308161596178564
2012-06-21,0.0031605067717251968
2012-06-22,0.0061732042821225465
2012-06-25,0.0037519065140993605
2012-06-26,0.0010210500521722812
2012-06-27,-0.0033621886029252183
2012-06-28,0.003188708306625087
2012-06-29,-0.010369883169771254
2012-07-02,-0.003406854318991985
2012-07-03,-0.002128916376449034
2012-07-04,-6.117501130320378e-4
2012-07-05,0.003571817807025418
2012-07-06,0.006182819065067399
2012-07-10,0.0015358339109611146
2012-07-11,1.1639767500528759e-4
2012-07-12,0.006043861150753686
2012-07-13,-0.001594205828595491
2012-07-16,-0.0014888355577095114
2012-07-17,-0.005122314733378705
2012-07-18,0.0015476107773487093
2012-07-19,-0.0036717340828533846
2012-07-20,0.005027470472454718
2012-07-23,0.008875320613651769
2012-07-24,0.0031162984943785203
2012-07-25,-0.0018097930536566708
2012-07-26,-0.007436197881888003
2012-07-27,-0.004493505978171232
2012-07-30,-0.0020460433747551718
2012-07-31,-0.0030234539185644473
2012-08-01,8.300654635314118e-4
2012-08-02,1.2497172074227585e-4
2012-08-03,0.0020694178077355894
2012-08-06,-0.008690826572602416
2012-08-07,-0.001768521230801471
2012-08-08,0.005415081730774295
2012-08-09,-0.0021022152747296637
2012-08-10,0.002812987314923591
2012-08-13,-0.0012681145405023051
2012-08-14,-1.7326662264863964e-4
2012-08-15,0.0034628333251488274
2012-08-16,3.5066322272207724e-4
2012-08-17,8.993641732708126e-4
2012-08-20,-3.3423983359130255e-4
2012-08-21,-0.006245431998389623
2012-08-22,0.002239352615612314
2012-08-23,-0.00468851428342822
2012-08-24,0.0036314817026169566
2012-08-27,-7.911538839068547e-4
2012-08-28,0.0014265378748744152
2012-08-29,0.0031096678542539046
2012-08-30,0.0025958837807228234
2012-08-31,-0.003383653518763019
2012-09-03,6.203621303182108e-4
2012-09-04,-0.0010909139249863685
2012-09-05,0.0014549102805389365
2012-09-06,-0.0037585917558220026
2012-09-10,-0.00835586160808107
2012-09-11,-5.149236366889418e-4
2012-09-12,-0.003294146201766391
2012-09-13,0.002033597184463691
2012-09-14,-0.013151821632394273
2012-09-17,0.001150692688529403
2012-09-18,0.0036934126905131186
2012-09-19,0.0011371740930229295
2012-09-20,0.00421690579297543
2012-09-21,-0.005433354486441592
2012-09-24,0.004335906891096607
2012-09-25,-0.0023041082674389868
2012-09-26,0.004340598512443482
2012-09-27,-0.0018054642414209645
2012-09-28,-0.001378835329638532
2012-10-01,2.8212376691458117e-4
2012-10-02,-0.0026116713434610633
2012-10-03,0.0013121176900699793
2012-10-04,-9.231754599900297e-4
2012-10-05,-0.002187755099247822
2012-10-08,0.0060681778782029315
2012-10-09,-0.001603602947822393
2012-10-10,0.0016154640398903476
2012-10-11,-6.882897924170441e-4
2012-10-15,-0.0026101808139537114
2012-10-16,-0.002770785224358106
2012-10-17,-0.002716653040561655
2012-10-18,5.895100506809339e-4
2012-10-19,0.003788088557792446
2012-10-22,-5.526957781558066e-4
2012-10-23,0.00435292316260949
2012-10-24,0.0025858205608590627
2012-10-25,-0.0037025492892961975
2012-10-26,0.004472410397357345
2012-10-29,9.952161296828965e-4
2012-10-30,-0.0026889724906249846
2012-10-31,-7.18877339274805e-4
2012-11-01,2.097497347888923e-5
2012-11-05,0.006002668793666037
2012-11-06,-0.0018231972332279618
2012-11-07,-0.00125148723530653
2012-11-08,0.0033433171863474177
2012-11-09,0.002613365912658378
2012-11-12,-0.001291388869976829
2012-11-13,0.002972987073949411
2012-11-14,-4.5352061616784446e-4
2012-11-16,0.0014586099743177064
2012-11-19,-0.0025454427617579143
2012-11-21,-0.002052041300770045
2012-11-22,-0.0033227930529423017
2012-11-23,1.915790766380512e-4
2012-11-26,-0.0019878143847249334
2012-11-27,-0.0019802232279498024
2012-11-28,0.003457101957868986
2012-11-29,-0.005767333634062133
2012-11-30,1.7060226433485148e-4
2012-12-03,-6.303397121626128e-4
2012-12-04,-1.2978095838942378e-4
2012-12-05,-2.2590640446111459e-4
2012-12-06,1.6609107052887784e-5
2012-12-07,0.0032381936468811544
2012-12-10,-0.0014665114130633095
2012-12-11,-0.002857271567614687
2012-12-12,-0.0015716680904205305
2012-12-13,-9.047658923572002e-4
2012-12-14,6.11835944650548e-4
2012-12-17,-0.001160832390972001
2012-12-18,-6.018828045674926e-4
2012-12-19,-0.0039850770412134424
2012-12-20,0.002128080039687797
2012-12-21,0.0017273901741126202
2012-12-26,-0.003441806219870225
2012-12-27,-0.0016836214449847135
2012-12-28,0.0012838807178126022
2013-01-02,-0.004730027096008969
2013-01-03,0.0034810250639655204
2013-01-04,0.00508619808681619
2013-01-07,-5.582583871563962e-4
2013-01-08,-0.001565474495534978
2013-01-09,-9.37785741194367e-5
2013-01-10,-0.002530140917395913
2013-01-11,-0.0025692513259903725
2013-01-14,-0.0011511463154117703
2013-01-15,4.861209750104868e-5
2013-01-16,0.0015726329627041569
2013-01-17,-0.004196883009849994
2013-01-18,0.0012167096684740685
2013-01-21,0.0017637326216834387
2013-01-22,6.965714343626537e-4
2013-01-23,4.58904079821614e-4
2013-01-24,0.001019059247257031
2013-01-28,0.002739601179966744
2013-01-29,4.578565627898607e-4
2013-01-30,-0.0029386918897723836
2013-01-31,-0.0016972494122728474
2013-02-01,-0.0017030190234081058
2013-02-04,3.6134214023410635e-4
2013-02-05,5.294320785124327e-5
2013-02-06,0.002083279449635629
2013-02-07,-7.8448783436196e-4
2013-02-08,0.003243934105291762
2013-02-13,-0.003909201542087188
2013-02-14,0.003824334720927066
2013-02-15,4.449772226167743e-5
2013-02-18,-2.2910198984668308e-4
2013-02-19,2.813842487114915e-4
2013-02-20,-0.0012137066408418665
2013-02-21,0.0072374741962172836
2013-02-22,-8.779071368059227e-4
2013-02-25,-0.0031101032084847294
2013-02-26,0.00704077376669935
2013-02-27,-4.846965195978568e-5
2013-02-28,-0.0012195355320544323
2013-03-01,0.005070624503972659
2013-03-04,6.527918522001005e-4
2013-03-05,-0.0013239522962829218
2013-03-06,-0.0010901838397432233
2013-03-07,0.0020989204221818843
2013-03-08,-0.004169378878379292
2013-03-11,0.0042145454424781
2013-03-12,-0.002256504153936482
2013-03-13,0.002598867469637053
2013-03-14,0.0023367540271903866
2013-03-15,-0.004276477410358029
2013-03-18,0.005247793765194364
2013-03-19,-0.0010494952668129252
2013-03-20,5.840030100178429e-4
2013-03-21,0.001158112320310501
2013-03-22,0.001098180591083242
2013-03-25,-0.0024036612148373307
2013-03-26,0.0017453449853010712
2013-03-27,0.0028695901997396584
2013-03-28,-0.0018283016757792746
2013-04-01,0
2013-04-02,-0.0017246341359777463
2013-04-03,0.0013929250794509497
2013-04-04,0.002253601108607319
2013-04-05,-0.003450840390051163
2013-04-08,-0.00480276151483739
2013-04-09,-0.0023301992963884115
2013-04-10,-0.0025458642400196913
2013-04-11,-5.017799030360265e-4
2013-04-12,0.0011249203983334335
2013-04-15,9.373564331521285e-4
2013-04-16,-7.254813605675569e-4
2013-04-17,2.7350886905753774e-4
2013-04-18,0.002092753594877869
2013-04-19,-0.0017278203143614081
2013-04-22,0.0036754066779078596
2013-04-23,0.0016708284613475026
2013-04-24,-0.001562558803209061
2013-04-25,-0.0033016345135649223
2013-04-26,0.0023134403380407065
2013-04-29,-0.0065073400729797
2013-04-30,0.0026053255090035797
2013-05-02,-0.0036182376906269687
2013-05-03,4.799287541190458e-4
2013-05-06,-2.2971371794699405e-4
2013-05-07,3.609122976788375e-4
2013-05-08,-0.003078897472649725
2013-05-09,2.089172694525436e-4
2013-05-10,0.00784128546229645
2013-05-13,0.0018785497909269246
2013-05-14,0.00237380630184061
2013-05-15,0.004604767357151318
2013-05-16,1.984789139886557e-4
2013-05-17,7.311792900475414e-4
2013-05-20,0.001771793625512596
2013-05-21,6.148412135335714e-4
2013-05-22,-0.001190973750571954
2013-05-23,0.006061279852849982
2013-05-24,-0.0019634189288256308
2013-05-27,-5.118172929124976e-4
2013-05-28,0.0013648244673994713
2013-05-29,0.005288830571414786
2013-05-31,0.005859116902822609
2013-06-03,-4.992939660394619e-4
2013-06-04,-0.006178863963902285
2013-06-05,0.003130914793762111
2013-06-06,0.0014516189873917734
2013-06-07,-9.212346108684476e-4
2013-06-10,0.006134202682642414
2013-06-11,0.0013348757794014016
2013-06-12,-0.0055273341648514815
2013-06-13,-0.0014222465060691938
2013-06-14,-0.004647813889599164
2013-06-17,-3.546952003966071e-4
2013-06-18,0.005971452551496243
2013-06-19,-9.087167382121166e-4
2013-06-20,0.01580746676509288
2013-06-21,0.002393142380720587
2013-06-24,0.003945075395373132
2013-06-25,-0.007942235964483313
2013-06-26,0.005968626603209147
2013-06-27,-0.004820739432558025
2013-06-28,-0.0016130024910925066
2013-07-01,2.710886771339145e-4
2013-07-02,7.575450892399047e-4
2013-07-03,0.0054173515046951745
2013-07-04,-0.0020921896521187023
2013-07-05,8.252507115954982e-4
2013-07-08,0.0049632982433835664
2013-07-10,-0.004077729202548867
2013-07-11,-0.00722337857444486
2013-07-12,0.001281165183728041
2013-07-15,-0.0010276047886811064
2013-07-16,-0.006434276826649707
2013-07-17,0.0010398097600904552
2013-07-18,8.325352206814202e-4
2013-07-19,-0.00113103105408158
2013-07-22,-0.0020851494928104323
2013-07-23,4.520947815007436e-4
2013-07-24,-0.0029231380381231045
2013-07-25,0.00520172623398385
2013-07-26,-0.0016298919624212775
2013-07-29,0.0016667382608330842
2013-07-30,0.0016829645361539898
2013-07-31,0.0017340253200120535
2013-08-01,0.0013906897979841053
2013-08-02,0.004547989289621444
2013-08-05,-0.006289680647001703
2013-08-06,-2.2107919570341376e-4
2013-08-07,0.001739646702230801
2013-08-08,-0.003562152851012104
2013-08-09,-0.0020053698499419353
2013-08-12,0.0030701105446838918
2013-08-13,0.001593616674639677
2013-08-14,0.0031880829733157015
2013-08-15,-0.001102791932127075
2013-08-16,0.0013382561987132589
2013-08-19,0.005519733793846562
2013-08-20,-2.5327029987336723e-4
2013-08-21,0.0029562690487757435
2013-08-22,0.006973829389402655
2013-08-23,-0.003526198039951274
2013-08-26,-6.511265535166058e-5
2013-08-27,0.010365079949731109
2013-08-28,0.0038334729573516265
2013-08-29,-0.0049175893829136105
2013-08-30,2.7802156391921215e-4
2013-09-02,-0.0022117785329802565
2013-09-03,0.00644258215041131
2013-09-04,-0.0014177439964341404
2013-09-05,0.002318600659978056
2013-09-06,-5.499201984638701e-4
2013-09-09,-0.006413026692068084
2013-09-10,-0.005468973291380846
2013-09-11,-0.0032670939194716056
2013-09-12,-0.0012313992770216205
2013-09-13,4.87634228547485e-4
2013-09-16,-0.007589040112162051
2013-09-17,0.0020617248419152294
2013-09-18,-0.0010210858794753176
2013-09-19,-0.01622129558443206
2013-09-20,0.007139877082716826
2013-09-23,0.002914373183989957
2013-09-24,0.0032480039487402697
2013-09-25,0.0010266356889466696
2013-09-26,-6.808263115015409e-4
2013-09-27,0.0029497440719419535
2013-09-30,0.0019147031380656848
2013-10-01,-0.00465999570004429
2013-10-02,9.762595014341834e-4
2013-10-03,-0.004963191392074742
2013-10-04,-0.0010215814571035737
2013-10-07,8.090406125688238e-4
2013-10-08,-0.0014378907489920733
2013-10-09,0.003580315208132091
2013-10-10,-0.002371864472416458
2013-10-11,-0.003876806305455779
2013-10-14,0.0013787077481938253
2013-10-15,0.0010806570229396598
2013-10-16,-5.209180324276962e-4
2013-10-17,-0.006843789867437345
2013-10-18,0.0014353480900223938
2013-10-21,-1.1860591552186561e-4
2013-10-22,4.8744402151127e-4
2013-10-23,-0.0025680684850340326
2013-10-24,-0.0011031946336619886
2013-10-25,0.0020464844615545727
2013-10-28,-6.67895096685236e-4
2013-10-29,0.0016410201164774522
2013-10-30,-5.707174958686603e-4
2013-10-31,0.004810932243450808
2013-11-01,0.00675271370027171
2013-11-04,0.0012488165185864726
2013-11-05,3.875891291498358e-4
2013-11-06,2.5713837813347756e-4
2013-11-07,0.005414680135647884
2013-11-08,1.3833274681195854e-4
2013-11-11,0.006165079136397025
2013-11-12,0.0010651489732549544
2013-11-13,-5.606626023844331e-4
2013-11-14,-0.0019468271043674376
2013-11-18,-0.006012516339750721
2013-11-19,3.93164050433634e-4
2013-11-21,0.006032379030296204
2013-11-22,-0.001806799683386046
2013-11-25,6.971353876086798e-4
2013-11-26,5.29797077685681e-4
2013-11-27,2.9114596458612e-4
2013-11-28,6.400518792373676e-4
2013-11-29,-9.37207709029528e-4
2013-12-02,0.0023215428103700673
2013-12-03,0.0016807270085878894
2013-12-04,8.077359703384932e-4
2013-12-05,-1.3564209485115048e-4
2013-12-06,-0.0012113570338712952
2013-12-09,-0.00557172814941724
2013-12-10,-5.706983283534547e-4
2013-12-11,0.0010190531558545348
2013-12-12,0.0024241605689200017
2013-12-13,6.610802122786431e-4
2013-12-16,-0.0020101117639564083
2013-12-17,0.0023477557105667382
2013-12-18,0.0014877165239434865
2013-12-19,0.004920113010905704
2013-12-20,0.002253132611408967
2013-12-23,-0.003194513775771723
2013-12-26,-0.003413088675129128
2013-12-27,4.766285718125266e-4
2013-12-30,2.937640727991765e-4
2014-01-02,0.006735089738929174
2014-01-03,4.246042346334929e-4
2014-01-06,0.0038014233001300492
2014-01-07,-0.002277452015187458
2014-01-08,2.9248453184766755e-4
2014-01-09,0.0020091628887968283
2014-01-10,-9.830000106593492e-4
2014-01-13,-0.004117973027111599
2014-01-14,0.0017709801374670737
2014-01-15,0.004253222199639364
2014-01-16,0.0020823513587015815
2014-01-17,0.001278574197954463
2014-01-20,0.0018048681186959075
2014-01-21,0.004550790994109494
2014-01-22,-3.343015193357136e-4
2014-01-23,0.001128887514545885
2014-01-24,0.012630633291848893
2014-01-27,2.896215719848368e-4
2014-01-28,-0.0026230530982579085
2014-01-29,0.0016269610474189372
2014-01-30,0.004161734411920459
2014-01-31,0.002467447948233883
2014-02-03,-6.171589502995561e-4
2014-02-04,-0.002824686002266731
2014-02-05,-0.0021067779304441616
2014-02-06,-4.4698857831701325e-6
2014-02-07,-0.001480139362654769
2014-02-10,-0.0015382528332124584
2014-02-11,-0.0029931255050834604
2014-02-12,-7.058963497566663e-6
2014-02-13,3.5757215870041144e-4
2014-02-14,-0.006344021069454481
2014-02-17,-0.0015565904787836358
2014-02-18,0.001094829367112395
2014-02-19,0.002423359245094876
2014-02-20,0.004407467596801049
2014-02-21,-0.0021934548845012718
2014-02-24,-0.002915984239407947
2014-02-25,-7.348995401268062e-4
2014-02-26,0.0018225235773638253
2014-02-27,0.0023910151049453144
2014-02-28,-0.0047212400159463526
2014-03-05,5.720864976310981e-4
2014-03-06,-0.002626972226308302
2014-03-07,-0.0042519494127451225
2014-03-10,0.0033721430845143137
2014-03-11,0.0015068140230399935
2014-03-12,0.0021481608461200465
2014-03-13,-0.0039049855600942793
2014-03-14,0.002955728157139053
2014-03-17,-0.0024054637688746827
2014-03-18,-3.7863146983179395e-4
2014-03-19,-0.0013142241090768833
2014-03-20,0.008527477802912374
2014-03-21,-0.002082101692801109
2014-03-24,-0.0012787798911921599
2014-03-25,-0.001710065532831408
2014-03-26,-0.0025446216440677626
2014-03-27,1.6664123439611317e-4
2014-03-28,-0.002703012205512898
2014-03-31,-0.0031351635603112937
2014-04-01,-7.540912685563707e-4
2014-04-02,-7.676962229815212e-4
2014-04-03,0.0022647932734301576
2014-04-04,4.0547349440594137e-4
2014-04-07,-0.0014363618190528637
2014-04-08,-0.00499708132024341
2014-04-09,-4.1571797613680845e-4
2014-04-10,-0.0027793693494972435
2014-04-11,0.0031810252391264917
2014-04-14,0.0014944701645816896
2014-04-15,4.4023019300291243e-4
2014-04-16,4.172459016796041e-4
2014-04-17,-0.0011782899305965257
2014-04-22,0.0024190930585166544
2014-04-23,0.0018833325080472511
2014-04-24,-6.35231725441145e-4
2014-04-25,5.225518109389032e-4
2014-04-28,-9.439870283786123e-4
2014-04-29,-0.0022022896242407212
2014-04-30,-7.517382415164606e-5
2014-05-02,-0.002200583346343526
2014-05-05,-3.2674151659648957e-4
2014-05-06,-0.002868399522843889
2014-05-07,-3.688225201540452e-4
2014-05-08,-0.00317941455742477
2014-05-09,0.0019800146105690055
2014-05-12,5.979128269871032e-4
2014-05-13,-5.581634381846001e-5
2014-05-14,-6.637067307905838e-4
2014-05-15,0.0011222734599548063
2014-05-16,7.972315742721333e-4
2014-05-19,-0.001984212564039952
2014-05-20,0.0020414190384915264
2014-05-21,2.704281162515181e-4
2014-05-22,-0.0018333695784693688
2014-05-23,-1.0167311371513475e-4
2014-05-26,-5.56655223727868e-4
2014-05-27,0.0017339176040015447
2014-05-28,0.0020223383117663005
2014-05-29,-0.0015929208756605665
2014-05-30,9.135402838428903e-4
2014-06-02,0.001685722543716625
2014-06-03,0.001309014255093724
2014-06-04,0.001921034541919176
2014-06-05,-0.002418371181140259
2014-06-06,-0.003138284235761784
2014-06-09,-0.001810164526184783
2014-06-10,0.0031240540999089308
2014-06-11,0.0013893293294600212
2014-06-13,0.0012944521166941413
2014-06-16,0.0017860921398340384
2014-06-17,1.0374319372696839e-4
2014-06-18,0.0017808152556595227
2014-06-20,-0.0030435149820872494
2014-06-23,-0.0013083891140602294
2014-06-24,-0.0014100052999548949
2014-06-25,0.0016929315146366928
2014-06-26,-7.232654594199487e-4
2014-06-27,-0.0011624826490077814
2014-06-30,-0.0012118141601093976
2014-07-01,2.3968839237737725e-4
2014-07-02,-5.64932951765617e-4
2014-07-03,7.493248726060854e-4
2014-07-04,-2.4680932770774583e-4
2014-07-07,6.098475648978738e-4
2014-07-08,-0.002358424674968344
2014-07-10,0.00105222386724095
2014-07-11,2.149405471857321e-4
2014-07-14,-5.637534526000921e-4
2014-07-15,0.0011617257535188753
2014-07-16,0.001599169764518723
2014-07-17,0.0014729787000662877
2014-07-18,-8.249038146023706e-5
2014-07-21,-0.0010638692250317953
2014-07-22,-1.7839469802750116e-4
2014-07-23,-0.0033934517353243253
2014-07-24,8.485806397931594e-4
2014-07-25,0.001076056177728324
2014-07-28,8.702581575307727e-4
2014-07-29,0.001990394179567201
2014-07-30,0.001913359317527921
2014-07-31,0.0043655676545281625
2014-08-01,0.005478011832942189
2014-08-04,-0.003127824867452976
2014-08-05,3.63554180170843e-4
2014-08-06,0.006362127300085381
2014-08-07,-3.47355473439968e-4
2014-08-08,-0.001483761544143495
2014-08-11,-0.0011221828744755425
2014-08-12,0.0010192219084481646
2014-08-13,-0.001277667634307314
2014-08-14,-0.003627231382990119
2014-08-15,-4.5146252925335064e-4
2014-08-18,0.0015302342908405959
2014-08-19,0.0010008456570896416
2014-08-20,0.002905195495120238
2014-08-21,0.0015362425488569984
2014-08-22,-2.625088492783937e-4
2014-08-25,0.0010483413386901046
2014-08-26,3.0785133844158986e-5
2014-08-27,-0.0014520675607698646
2014-08-28,0.0026746165869480673
2014-08-29,-1.0946948449025147e-4
2014-09-01,6.620269428142164e-4
2014-09-02,0.0036887411805404816
2014-09-03,-0.003030151157941626
2014-09-04,0.0013660163999192488
2014-09-05,0.0033723763795502175
2014-09-08,-4.258311040520441e-4
2014-09-09,0.006045874664048577
2014-09-10,0.0020395624904501314
2014-09-11,6.050566707504274e-4
2014-09-12,3.0673323912290914e-4
2014-09-15,0.0036128847134220556
2014-09-16,-9.609086310938293e-4
2014-09-17,-0.0011341294922526317
2014-09-18,0.00462200016383967
2014-09-19,-0.0017863063319004259
2014-09-22,0.0018191462293919787
2014-09-23,-0.0010700565793154353
2014-09-24,8.265919408197927e-4
2014-09-25,0.006066844921086743
2014-09-26,0.001014014079947074
2014-09-29,0.005975568295952098
2014-09-30,0.002628336122363345
2014-10-01,-0.0018226091391420705
2014-10-02,-0.0017791507076917457
2014-10-03,0.0011190770872333614
2014-10-06,9.045701576735405e-4
2014-10-07,3.424495083383507e-4
2014-10-08,0.0010318766082788589
2014-10-09,-0.007693869832934233
2014-10-10,0.007050110662057396
2014-10-13,-0.00199982979060509
2014-10-14,0.0027794059490083554
2014-10-15,-7.31715773243409e-4
2014-10-16,0.0019491301523024227
2014-10-17,-0.005115454460301413
2014-10-20,4.396903671917199e-4
2014-10-21,-0.0012312766680316306
2014-10-22,0.0017429744480919227
2014-10-23,0.001768712007632529
2014-10-24,0.0017174329650236325
2014-10-27,7.555355221357559e-4
2014-10-28,-0.0024763445313684043
2014-10-29,-7.284652251768886e-4
2014-10-30,0.0031886477961443147
2014-10-31,0.0042185445336906085
2014-11-03,0.002864854237034671
2014-11-04,0.0012111786025329181
2014-11-05,0.004458163098582262
2014-11-06,3.0285896751449775e-4
2014-11-07,0.005650929670156954
2014-11-10,-0.005924591916005765
2014-11-11,0.0054085569778739365
2014-11-12,-0.002171894141070347
2014-11-13,5.290748845062117e-4
2014-11-14,0.003131604171247541
2014-11-17,-0.002009770471883373
2014-11-18,-0.0016898788968058708
2014-11-19,0.001834716517193574
2014-11-21,-0.0019345293488320457
2014-11-24,0.0011049873085675328
2014-11-25,6.559291679362317e-4
2014-11-26,2.3748573347002084e-4
2014-11-27,-6.594353600282894e-5
2014-11-28,0.0055394826867500675
2014-12-01,0.005825305443034951
2014-12-02,0.004419648377814681
2014-12-03,0.003517201867205219
2014-12-04,0.0012493575839519137
2014-12-05,-2.9920707687321847e-4
2014-12-08,0.006790196993014985
2014-12-09,-0.003953443728100715
2014-12-10,0.0011867497985183291
2014-12-11,0.0022013860032389834
2014-12-12,0.00569514842722239
2014-12-15,0.006472927038893087
2014-12-16,0.009652191391924981
2014-12-17,-0.003048907930073274
2014-12-18,-0.004704668032378292
2014-12-19,-0.0020486805895511637
2014-12-22,-0.005355882634744326
2014-12-23,0.002446800625387321
2014-12-26,0.012852274863507596
2014-12-29,0.002669986655417704
2014-12-30,0.0026799983732107217
2015-01-02,0.006841912454938487
2015-01-05,0.004744037933485534
2015-01-06,0.004418126653917551
2015-01-07,0.0025112451914510434
2015-01-08,-0.0036501407990184045
2015-01-09,-0.0026630759929104617
2015-01-12,7.543738592424678e-4
2015-01-13,0.0027124975109851877
2015-01-14,0.0011250587128080907
2015-01-15,-0.003714254316925806
2015-01-16,0.004077987634695848
2015-01-19,-3.8048367570033453e-4
2015-01-20,0.001741562564002065
2015-01-21,-0.0020679005631937895
2015-01-22,-0.002722364655416064
2015-01-23,0.007180217419609018
2015-01-26,2.9203656573782927e-4
2015-01-27,9.143139759751402e-4
2015-01-28,-3.8857850816188593e-4
2015-01-29,0.0046769480400033975
2015-01-30,0.003788821772094813
2015-02-02,-0.002623283973542045
2015-02-03,-0.006886018629426744
2015-02-04,-0.004062315866081038
2015-02-05,0.0017262265662287017
2015-02-06,-0.002169914146964506
2015-02-09,0.008362754771011087
2015-02-10,4.0123388254890323e-4
2015-02-11,0.003243691322741692
2015-02-12,5.874199483867184e-4
2015-02-13,-0.006503556558733914
2015-02-18,5.721255623956966e-4
2015-02-19,-0.001982004600055113
2015-02-20,0.003972278381648854
2015-02-23,0.002696227543289394
2015-02-24,-1.5825598008561105e-4
2015-02-25,-0.005035801570797206
2015-02-26,-0.0031416872428901626
2015-02-27,0.006535072525094042
2015-03-02,0.0021615918447236895
2015-03-03,0.0032025508684741023
2015-03-04,0.0023666933372868903
2015-03-05,0.0012289886420088682
2015-03-06,-8.671720485048093e-4
2015-03-09,0.009934731765805295
2015-03-10,0.007886851357467431
2015-03-11,0.0044883683042128185
2015-03-12,-0.005048196223422885
2015-03-13,0.006029904744234243
2015-03-16,5.929473120048592e-4
2015-03-17,-0.0025941746806165005
2015-03-18,0.0018949235390326915
2015-03-19,-0.0068068551752319875
2015-03-20,-0.0029738388085943004
2015-03-23,-0.009100243485557841
2015-03-24,-0.005368249365028034
2015-03-25,-0.0037210718095675357
2015-03-26,0.002987713438470789
2015-03-27,0.0054449568231515096
2015-03-30,0.0019993382698799073
2015-03-31,0.003248429712314637
2015-04-01,-0.001363050676539611
2015-04-02,-0.00589588642636264
2015-04-06,-5.831876025648164e-4
2015-04-07,-0.005405461429229334
2015-04-08,-0.0038121345208614
2015-04-09,-5.790462247010922e-4
2015-04-10,0.009777457333277815
2015-04-13,0.004663747314277982
2015-04-14,-0.0010728396558717993
2015-04-15,-3.7757797687591087e-4
2015-04-16,-0.006775928835238675
2015-04-17,-0.004486119873078682
2015-04-20,0.006540751845405204
2015-04-22,-0.0010135812510776794
2015-04-23,0.0010049526960005208
2015-04-24,-0.003049548669196074
2015-04-27,-8.210655351812132e-4
2015-04-28,-0.006425373984281405
2015-04-29,-0.001623676723693603
2015-04-30,-0.004104900286992695
2015-05-04,0.008015677491530818
2015-05-05,-1.9028305867369326e-4
2015-05-06,-0.004790174342665096
2015-05-07,5.074174831615851e-4
2015-05-08,0.002409158364867273
2015-05-11,0.0019596112317937144
2015-05-12,0.001133330408239585
2015-05-13,-0.00441043924745212
2015-05-14,-0.007304994947664129
2015-05-15,0.001842959024449788
2015-05-18,-0.0031040884626333956
2015-05-19,0.005339407034824956
2015-05-20,0.005144607866368541
2015-05-21,-0.0014743247668893332
2015-05-22,1.802507542509061e-5
2015-05-25,0.007450524669961557
2015-05-26,0.004449051944434533
2015-05-27,0.005456264482946122
2015-05-28,-3.4861983833640934e-4
2015-05-29,-0.0011799726771359524
2015-06-01,0.0025466228736176094
2015-06-02,-5.550329732271734e-4
2015-06-03,-0.0016078958548373847
2015-06-05,0.00382143509846823
2015-06-08,0.0081765177922356
2015-06-09,-0.0047886421789456604
2015-06-10,-0.005210690583741895
2015-06-11,0.0012762180013571264
2015-06-12,7.068290664557877e-4
2015-06-15,0.0010079759119209337
2015-06-16,-7.804708703154668e-4
2015-06-17,-0.001578221373746618
2015-06-18,-0.007871856487472531
2015-06-19,0.004411447625797406
2015-06-22,-0.00290051799005654
2015-06-23,0.003033685574689532
2015-06-24,1.104350581300148e-4
2015-06-25,0.0011857617897567878
2015-06-26,0.0028114197394479555
2015-06-29,0.004153061963129081
2015-06-30,-0.0021695870929760294
2015-07-01,0.0023744577169193246
2015-07-02,0.0033317835713318625
2015-07-03,-0.002188855173192666
2015-07-06,0.005179704731166959
2015-07-07,0.003694689389911623
2015-07-08,-7.444080848565521e-4
2015-07-10,-0.009586821401128369
2015-07-13,0.0037729225362508217
2015-07-14,-5.0973760217056916e-5
2015-07-15,7.172251054468177e-5
2015-07-16,0.0053681735398334145
2015-07-17,-0.0015556396720629408
2015-07-20,0.005574803074486644
2015-07-21,-7.813387031075866e-4
2015-07-22,0.0010612882751058995
2015-07-23,3.0175903861084344e-4
2015-07-24,0.007393399605945462
2015-07-27,-1.3577398507686787e-4
2015-07-28,-0.0016598770508310906
2015-07-29,-5.013568857631554e-4
2015-07-30,0.004479801256795257
2015-07-31,0.001177858889516942
2015-08-03,0.0014203005569164663
2015-08-04,-7.994997697331941e-4
2015-08-05,0.005320053785482574
2015-08-06,0.0027288250471456375
2015-08-07,-0.001391118537538243
2015-08-10,1.7121381150037905e-4
2015-08-11,6.302104277720863e-4
2015-08-12,1.276367732211929e-4
2015-08-13,0.0017670007963002227
2015-08-14,9.861665838821383e-4
2015-08-17,0.005676988169682984
2015-08-18,0.0013971354338092074
2015-08-19,0.0025622419180035007
2015-08-20,0.0031619261106289264
2015-08-21,3.416018413563485e-4
2015-08-24,0.00670101470276789
2015-08-25,-0.0068980241952043084
2015-08-26,0.005229090003201054
2015-08-27,3.21385208043093e-5
2015-08-28,-4.848878075640606e-4
2015-08-31,3.031164585875227e-4
2015-09-01,-0.0023452673473711365
2015-09-02,0.003503931014857663
2015-09-03,0.003706149283229613
2015-09-04,8.333230808671491e-4
2015-09-08,0.003815955611836838
2015-09-09,-0.0016629606367315826
2015-09-10,8.596163819606197e-4
2015-09-11,-0.00415904174483636
2015-09-14,-0.0018208079262426121
2015-09-15,-0.0025657950365792714
2015-09-16,-0.001228678430954346
2015-09-17,-0.0031293473661604984
2015-09-18,-0.005794166294728976
2015-09-21,0.007466657652986147
2015-09-22,0.007878197882884236
2015-09-23,0.0026232243853465797
2015-09-24,0.005821929767807389
2015-09-25,-0.0029240932214753914
2015-09-28,0.0033876159557006606
2015-09-29,-0.0018808407252053115
2015-09-30,-0.002550443653465643
2015-10-01,4.3414365529098316e-4
2015-10-02,7.100120911256681e-4
2015-10-05,-0.010294138146151223
2015-10-06,-1.61199857013087e-4
2015-10-07,-0.014184256262896808
2015-10-08,0.002365599250021999
2015-10-09,-0.011374777548996354
2015-10-13,0.006861758371432605
2015-10-14,-4.3168870350628204e-4
2015-10-15,-0.00998519640300709
2015-10-16,0.0047381292186619885
2015-10-19,0.0015059441271053455
2015-10-20,0.002012503183743534
2015-10-21,0.004664198669188576
2015-10-22,7.935304589237308e-4
2015-10-23,4.1863812368971973e-5
2015-10-26,0.0035870560434339825
2015-10-27,0.00430769090705391
2015-10-28,-0.0022222651834650276
2015-10-29,0.0076148251520333195
2015-10-30,-0.004753502517538781
2015-11-03,-7.552586765004681e-4
2015-11-04,-0.003401022008001081
2015-11-05,0.004762028895809234
2015-11-06,0.0028673309604033866
2015-11-09,0.010363572463168231
2015-11-10,8.456472480043588e-4
2015-11-11,-0.003308451241402613
2015-11-12,0.002511201124934403
2015-11-13,0.002303378623674088
2015-11-16,0.0023309424823032086
2015-11-17,-4.7754597928333016e-4
2015-11-18,-3.4549287236451676e-5
2015-11-19,-0.0023778243799157384
2015-11-23,-0.0010700815309864747
2015-11-24,7.203358987196298e-4
2015-11-25,-1.0027906534228557e-4
2015-11-26,0.002391205787588483
2015-11-27,0.0031306351989120896
2015-11-30,5.313355585171255e-4
2015-12-01,-4.8083286739189637e-4
2015-12-02,-5.821507682912909e-4
2015-12-03,2.148414451677367e-4
2015-12-04,-0.0028655492349006248
2015-12-07,0.004274261917453427
2015-12-08,0.006957711226685753
2015-12-09,-0.002693009423592653
2015-12-10,0.0016672688297350608
2015-12-11,0.006721969155681263
2015-12-14,7.687960944082049e-4
2015-12-15,-0.004901946926184596
2015-12-16,5.25209892734331e-4
2015-12-17,0.001211754290320464
2015-12-18,0.016820824872189267
2015-12-21,-0.0029153644549027727
2015-12-22,-0.0030475828623873825
2015-12-23,0.0013129531367148438
2015-12-28,-0.002774963193530509
2015-12-29,7.46729637467329e-4
2015-12-30,0.001521793360690769
2016-01-04,0.006233023508474971
2016-01-05,0.004395032904761509
2016-01-06,0.0073739485226894256
2016-01-07,0.0019782342850165687
2016-01-08,-0.001332020866329851
2016-01-11,0.002943359663036055
2016-01-12,0.0023390198286426436
2016-01-13,-0.0025591555903629105
2016-01-14,0.002149717857762827
2016-01-15,0.00243097244580614
2016-01-18,0.002967753850596185
2016-01-19,-0.0020324029466691996
2016-01-20,0.005072533486806556
2016-01-21,0.003040762958642102
2016-01-22,-0.0063683191264617585
2016-01-26,0.002148063211541116
2016-01-27,-0.003907452984532585
2016-01-28,-0.0026280065602341147
2016-01-29,-0.005697026412525423
2016-02-01,-6.649820991062945e-5
2016-02-02,0.004369044606985892
2016-02-03,0.001348992006394127
2016-02-04,-0.014338346710333563
2016-02-05,-0.0014457768444918575
2016-02-10,0.002359727258471199
2016-02-11,0.0024575418646987034
2016-02-12,0.0029093977998513073
2016-02-15,-0.0018504329711875383
2016-02-16,0.002875218577524766
2016-02-17,7.231633739614411e-4
2016-02-18,-0.0028305160874000134
2016-02-19,0.0018413960249205811
2016-02-22,-0.0017705722993044404
2016-02-23,-2.967776562524496e-4
2016-02-24,0.006273821992651333
2016-02-25,-0.0030857734986726973
2016-02-26,-4.6624891786575497e-4
2016-02-29,0.005072845947152048
2016-03-01,-0.004183076767881713
2016-03-02,-0.002478464143604186
2016-03-03,-0.005118134452755505
2016-03-04,-0.005397304028729329
2016-03-07,-0.0020735203484307913
2016-03-08,-6.063577459510162e-4
2016-03-09,0.0010261440420056861
2016-03-10,-0.002160443028925263
2016-03-11,-0.004948897058712587
2016-03-14,-0.002001455959753908
2016-03-15,0.004800208115925263
2016-03-16,0.0032411676618215868
2016-03-17,-0.019018113959484984
2016-03-18,-0.002192110528854894
2016-03-21,0.0015460351273540436
2016-03-22,3.0805840390340773e-4
2016-03-23,0.0011695464832723061
2016-03-24,0.004696529223906206
2016-03-28,3.31071026828722e-4
2016-03-29,-0.0019988565662604615
2016-03-30,-0.011225901054349466
2016-03-31,-0.0051027140519710355
2016-04-01,8.068442007770875e-4
2016-04-04,0.0012565166576565228
2016-04-05,0.005952959889832536
2016-04-06,0.0035548543052116824
2016-04-07,-0.002395265218236362
2016-04-08,-0.0019143355219774243
2016-04-11,-0.00453381829213852
2016-04-12,-0.0019691562505732094
2016-04-13,0.0021827583192594795
2016-04-14,5.326930272118403e-4
2016-04-15,-9.505745724678093e-4
2016-04-18,2.2018281815618467e-4
2016-04-19,-0.007893110281798347
2016-04-20,-0.0027099530117876865
2016-04-22,0.008227120305183333
2016-04-25,0.0029925809025467555
2016-04-26,-2.2726784753994933e-5
2016-04-27,-0.0022927582688418873
2016-04-28,-0.0037381221112954685
2016-04-29,-0.0034839039880377206
2016-05-02,-0.002834412712780118
2016-05-03,0.0033663627005045696
2016-05-04,0.008243862210110782
2016-05-05,0.004003468238178407
2016-05-06,0.003062616753524162
2016-05-09,0.0013722117313532444
2016-05-10,0.0021860198049598453
2016-05-11,-0.0023272441478463758
2016-05-12,-0.0020487399591887093
2016-05-13,0.002937842797726254
2016-05-16,0.0035767177750484973
2016-05-17,1.8908633734739477e-4
2016-05-18,0.005945457270850011
2016-05-19,0.005350436721152506
2016-05-20,-3.3836097644054784e-4
2016-05-23,-3.1555605939850997e-4
2016-05-24,8.1050330301606e-4
2016-05-25,-0.0019563654630917996
2016-05-27,-0.0020759496960099876
2016-05-30,0.0027187110866416665
2016-05-31,-4.898042961115564e-4
2016-06-01,0.001893641400477226
2016-06-02,-5.681833887832072e-4
2016-06-03,3.0796882491305365e-4
2016-06-06,-0.014888254116656525
2016-06-07,-0.004113880175682968
2016-06-08,-0.006022129870424713
2016-06-09,0.0033891504177790206
2016-06-10,0.004537980330861637
2016-06-13,0.00545063360067359
2016-06-14,0.0050675232037341415
2016-06-15,-0.001809653358955262
2016-06-16,0.003248918565109706
2016-06-17,-0.003028533699379014
2016-06-20,-0.008257860714553951
2016-06-21,-7.596468007169866e-4
2016-06-22,5.868781916161394e-4
2016-06-23,-0.0069911058107498154
2016-06-24,0.02164986656783865
2016-06-27,0.006993179573958514
2016-06-28,-0.004042544536145282
2016-06-29,-0.006815667219032519
2016-06-30,-0.0033505814221629405
2016-07-01,-0.004664996134548919
2016-07-04,9.356865731621076e-4
2016-07-05,0.004626092310296525
2016-07-06,0.005923671518827988
2016-07-07,-0.004419297834955488
2016-07-08,3.43848329719824e-4
2016-07-11,-0.004504109651884467
2016-07-12,-0.0031902405236995564
2016-07-13,-0.0015852422974591675
2016-07-14,-0.00424044169468028
2016-07-15,0.001839791412364876
2016-07-18,0.0041327106324957966
2016-07-19,0.002288823629349749
2016-07-20,0.0023617342368458015
2016-07-21,0.001689242406663811
2016-07-22,-0.0019474124424758593
2016-07-25,0.0016645038429984151
2016-07-26,0.003474757222148061
2016-07-27,5.492798011963217e-4
2016-07-28,-0.003730811833044964
2016-07-29,1.623304529554743e-4
2016-08-01,-0.007282142356188299
2016-08-02,5.318178631246523e-4
2016-08-03,0.0016196659450608874
2016-08-04,3.50429629352985e-4
2016-08-05,-0.004382389582173822
2016-08-08,-2.0950257418070182e-4
2016-08-09,-0.0027267094358271195
2016-08-10,-0.0072476431617344
2016-08-11,0.0023454809658830338
2016-08-12,-2.808626225117134e-4
2016-08-15,-0.003279388545691197
2016-08-16,-0.0060130119468644674
2016-08-17,0.005585071084154736
2016-08-18,-0.001392808585099007
2016-08-19,0.002578505157657545
2016-08-22,0.001772968034321289
2016-08-23,-0.002264784619705228
2016-08-24,0.00669282330648548
2016-08-25,-0.0014595141330049004
2016-08-26,-0.0018239947575328507
2016-08-29,0.007262021586769094
2016-08-30,-3.2472510026679134e-4
2016-08-31,0.004002288637042153
2016-09-01,6.618944856924854e-4
2016-09-02,-0.0015296385678617895
2016-09-05,-0.0042303997086827255
2016-09-06,-0.0010056707042229017
2016-09-08,-0.009535201493806121
2016-09-09,0.008085362348387005
2016-09-12,0.006336222861491504
2016-09-13,-2.8408775850929935e-4
2016-09-14,0.002964948927623433
2016-09-15,-0.0014748890735734395
2016-09-16,-1.867694524496819e-4
2016-09-19,5.627693330330904e-4
2016-09-20,-0.00112460773825394
2016-09-21,-0.0011448564636834231
2016-09-22,-0.00633533213298035
2016-09-23,5.549023296075025e-5
2016-09-26,0.0031154536088723725
2016-09-27,-0.0014163759674182643
2016-09-28,2.4527666349864096e-4
2016-09-29,0.001762476742457915
2016-09-30,0.0019869927382605173
2016-10-03,-0.005438675275910132
2016-10-04,0.0036821567463313394
2016-10-05,8.009603334915761e-4
2016-10-06,0.0017815525195313292
2016-10-07,6.096592177829109e-4
2016-10-10,-0.0018078032031365846
2016-10-11,0.005170272047117292
2016-10-13,0.004457646848299652
2016-10-14,-8.813706349718629e-4
2016-10-17,0.0016204506361187964
2016-10-18,-0.003037330377132929
2016-10-19,-0.0024605683409837727
2016-10-20,3.8328881114448407e-4
2016-10-21,0.005308809250552484
2016-10-24,-0.0018825934582431653
2016-10-25,-0.0017613088731392008
2016-10-26,9.186624722611045e-4
2016-10-27,0.002961144725542711
2016-10-28,0.0013300513539993403
2016-10-31,-0.0019293508609442391
2016-11-01,-0.0033319687966213546
2016-11-03,0.00251433395517065
2016-11-04,8.107415017933941e-5
2016-11-07,-4.0961818785547726e-4
2016-11-08,-7.93967863677633e-4
2016-11-09,0.004309109597676713
2016-11-10,0.009934823978550483
2016-11-11,0.00896090816788453
2016-11-14,0.007891553234539675
2016-11-16,0.0018278295840667396
2016-11-17,-0.0012736925981577472
2016-11-18,0.004016207922317547
2016-11-21,-4.5629515421392365e-4
2016-11-22,-0.0015635242725790504
2016-11-23,0.004098246822074223
2016-11-24,0.004544407002707677
2016-11-25,-0.0022033383598713233
2016-11-28,-0.001584035585873319
2016-11-29,0.001428112907117091
2016-11-30,-0.0016311710190805193
2016-12-01,4.361083550071517e-4
2016-12-02,9.96720374645815e-4
2016-12-05,-0.0030092886295522863
2016-12-06,-0.005460655888241926
2016-12-07,-0.002791068663525286
2016-12-08,-0.0013086364726542232
2016-12-09,0.007479422971327347
2016-12-12,-0.0026123287981130055
2016-12-13,-0.0014107803054868146
2016-12-14,-7.269675407666677e-4
2016-12-15,0.011246162423514996
2016-12-16,-0.001441808958276009
2016-12-19,8.977596705454826e-4
2016-12-20,0.001973776931580243
2016-12-21,-0.0036048251343080485
2016-12-22,0.0012514974987204734
2016-12-23,-7.593977450319054e-4
2016-12-26,1.9023367093140564e-4
2016-12-27,-4.178886323442187e-4
2016-12-28,0.0020059298401799985
2016-12-29,-0.0017129659016993312
2017-01-02,0.0011166036227471502
2017-01-03,0.002084094683096823
2017-01-04,-0.002596119235111441
2017-01-05,-0.0030045875495126988
2017-01-06,-0.0042396164152512265
2017-01-09,0.005109833142813997
2017-01-10,-3.713749255248998e-4
2017-01-11,0.005180180493307818
2017-01-12,-0.011270867359766264
2017-01-13,7.052672466644848e-4
2017-01-16,0.0035356874775147964
2017-01-17,-0.004228634394097281
2017-01-18,0.0011823218758818942
2017-01-19,0.002722325734167577
2017-01-20,0.0010930040220813576
2017-01-23,-0.0054584657289906925
2017-01-24,-0.003237460297355908
2017-01-26,0.003190930623256436
2017-01-27,0.0017026670116932572
2017-01-30,-0.0010725557674143439
2017-01-31,-0.005746010209990975
2017-02-01,-0.0011958353929163387
2017-02-02,-0.003986950284867578
2017-02-03,-7.309744637070506e-7
2017-02-06,-0.0039047520777211304
2017-02-07,0.005487792280327118
2017-02-08,-5.491840352241636e-4
2017-02-09,-0.002301689121461851
2017-02-10,5.46672192961614e-4
2017-02-13,-5.76844989378448e-4
2017-02-14,-0.0036357879517229883
2017-02-15,0.00255179311240163
2017-02-16,-0.003517985179149784
2017-02-17,0.003446868081391613
2017-02-20,0.001398266380193938
2017-02-21,8.26464450897279e-4
2017-02-22,-0.0015947787647215069
2017-02-23,-0.004081501346631053
2017-02-24,-0.001828880755519253
2017-03-01,0.005432710798925027
2017-03-02,0.002522125485948364
2017-03-03,4.709433209000536e-4
2017-03-06,-0.0026000157308092926
2017-03-07,-5.68234132481772e-4
2017-03-08,0.004316530849988082
2017-03-09,0.003518467028274221
2017-03-10,-0.0014300553234124667
2017-03-13,-0.004127897083818917
2017-03-14,6.910008606935013e-4
2017-03-15,-0.0014380079439950209
2017-03-16,-0.010988011101591422
2017-03-17,-0.001104537319622392
2017-03-20,-0.0024745189802665565
2017-03-21,-0.0027733885337665478
2017-03-22,0.00246286754774369
2017-03-23,-3.224913359107561e-5
2017-03-24,-0.0022061205129517937
2017-03-27,-0.004629692627525141
2017-03-28,0.0029682239270834372
2017-03-29,0.003709535246078953
2017-03-30,-0.00336322840657692
2017-03-31,0.0028289904639201614
2017-04-03,0.0012140206627375342
2017-04-04,0.003524430950731417
2017-04-05,-0.0015353546185475498
2017-04-06,4.1580009768345906e-4
2017-04-07,0.0011667774495364334
2017-04-10,0.0017176035828326654
2017-04-11,-0.0015480595932956896
2017-04-12,-5.00242401290295e-4
2017-04-13,-0.004032116431427202
2017-04-17,2.4608318108076954e-4
2017-04-18,-5.877456574425498e-4
2017-04-19,-9.980375779960443e-4
2017-04-20,1.3124970146573633e-4
2017-04-24,-0.005788987368547178
2017-04-25,-0.00104005211151335
2017-04-26,0.002422372723701815
2017-04-27,0.0028088772817421847
2017-04-28,-0.0018312503555095961
2017-05-02,-0.0016353148191554177
2017-05-03,-1.09729672707305e-4
2017-05-04,0.0026325300236201073
2017-05-05,0.0019374720273555763
2017-05-08,-0.0011202629805686765
2017-05-09,0.0040046823947252315
2017-05-10,-0.0017213116882041956
2017-05-11,-0.0018670545401945524
2017-05-12,-0.001119315146379833
2017-05-15,-0.007459963159969604
2017-05-16,-0.00221363632086464
2017-05-17,-9.773926042137414e-4
2017-05-18,0.00966438610603872
2017-05-19,-0.006356677200764487
2017-05-22,-0.004341132953707831
2017-05-23,0.0019324601623769496
2017-05-24,-0.0012258139377029106
2017-05-25,-0.0025113342680632873
2017-05-26,6.860407414515686e-4
2017-05-29,7.870437947612688e-4
2017-05-30,0.0011496178269501112
2017-05-31,-0.0010975534803660274
2017-06-01,-2.6399724988597565e-4
2017-06-02,-0.0014347447711140727
2017-06-05,-0.0035623342192410965
2017-06-06,9.872149673856242e-4
2017-06-07,7.051337986984155e-4
2017-06-08,1.4519284117140896e-4
2017-06-09,1.1654549635436118e-4
2017-06-12,-6.801170372046668e-4
2017-06-13,-7.785622191474635e-4
2017-06-14,-4.3299407833257374e-4
2017-06-16,0.004313920915392259
2017-06-19,5.587352371608146e-4
2017-06-20,0.0056706534395558035
2017-06-21,0.0014600788122188849
2017-06-22,6.516116248786773e-4
2017-06-23,-0.002505189193211965
2017-06-26,-0.002520019984068367
2017-06-27,-0.001609527270058882
2017-06-28,0.0017612846326144553
2017-06-29,-0.0017104364660389436
2017-06-30,1.8223057403906248e-4
2017-07-03,0.00472655585679053
2017-07-04,0.0016707208057633717
2017-07-05,0.0027535203812990862
2017-07-06,0.002736124952237225
2017-07-07,-0.002181458545676611
2017-07-10,-6.317145287939468e-4
2017-07-11,0.0012078989617448851
2017-07-12,-0.0037168521237447762
2017-07-13,-0.0029043266821008737
2017-07-14,-0.0019634522620059812
2017-07-17,-0.0043901643649956485
2017-07-18,-0.0020712474617032147
2017-07-19,8.824900628567539e-4
2017-07-20,0.002227310577998199
2017-07-21,-0.004285648563282332
2017-07-24,0.0021853127086281948
2017-07-25,-2.608917839064368e-4
2017-07-26,0.0018274908826700325
2017-07-27,-0.003675746784810927
2017-07-28,1.08122962511772e-4
2017-07-31,0.001383055602403459
2017-08-01,-0.0011847097862998908
2017-08-02,-2.194910635838356e-4
2017-08-03,-0.0012773579248067364
2017-08-04,-1.4696537048872047e-4
2017-08-07,0.0033352417590829927
2017-08-08,-0.0017903480702592984
2017-08-09,0.004836838870023847
2017-08-10,6.478925465349322e-4
2017-08-11,6.877942665697418e-4
2017-08-14,-0.0037540893944233607
2017-08-15,1.085468654185719e-4
2017-08-16,2.3066808991100665e-4
2017-08-17,-5.565916498072412e-4
2017-08-18,0.0012470178157037758
2017-08-21,-0.001785276883094074
2017-08-22,-0.0011660412492543986
2017-08-23,-2.0090336521248387e-5
2017-08-24,-0.001992183266439246
2017-08-25,-9.578133831436137e-4
2017-08-28,-0.005486312557863716
2017-08-29,-8.73471267963584e-4
2017-08-30,0.003492781188207786
2017-08-31,0.0022706545127000443
2017-09-01,-0.005128352836495659
2017-09-04,5.741856592356894e-4
2017-09-05,4.7208231652717814e-4
2017-09-06,-0.001841932664336889
2017-09-08,-0.0065446356751177135
2017-09-11,0.0015334404957759976
2017-09-12,0.0025647046573722995
2017-09-13,6.122283814137555e-4
2017-09-14,0.003535328609768223
2017-09-15,-0.003419337000105812
2017-09-18,9.077426571598421e-4
2017-09-19,0.0013541668583358806
2017-09-20,-0.0018226203049097553
2017-09-21,0.005496780198640293
2017-09-22,-0.0034915034962782476
2017-09-25,0.003022213882328361
2017-09-26,0.0059095988437339
2017-09-27,0.0047837522655707065
2017-09-28,-3.503650186294417e-4
2017-09-29,-0.0019165478564544653
2017-10-02,0.003438799230164079
2017-10-03,4.022351809872128e-4
2017-10-04,-0.00450446719312591
2017-10-05,0.001148772372403634
2017-10-06,0.0037817525349028245
2017-10-09,0.002460465212778848
2017-10-10,-0.00397793300930944
2017-10-11,-0.0011731742214307296
2017-10-13,-0.0013785050820558013
2017-10-16,-0.0023889270448618567
2017-10-17,0.0025529629394899747
2017-10-18,0.0010343346584536302
2017-10-19,-0.0017751212603131126
2017-10-20,7.550166140835502e-4
2017-10-23,0.0025125546036286707
2017-10-24,0.0013480730385422302
2017-10-25,0.0010780445533900708
2017-10-26,0.0027302619529308014
2017-10-27,0.007212807107255914
2017-10-30,-0.00360932917016303
2017-10-31,5.0535382559443864e-5
2017-11-01,6.285664105825329e-4
2017-11-03,-0.001911052240803714
2017-11-06,0.00309947717061378
2017-11-07,5.576450155598296e-4
2017-11-08,-5.1819252096770095e-5
2017-11-09,-0.0011771245733585012
2017-11-10,7.45984806711146e-4
2017-11-13,0.0015394896861522277
2017-11-14,-0.0030157323180815573
2017-11-16,-0.002746367014616356
2017-11-17,-0.002750170920008095
2017-11-21,0.0013647115209413378
2017-11-22,-0.0030870105520533634
2017-11-23,-0.005041390402196705
2017-11-24,2.2905874996215214e-4
2017-11-27,-0.00472081398948925
2017-11-28,0.0011127692050710788
2017-11-29,0.001508657021667172
2017-11-30,4.2255861041527883e-4
2017-12-01,-1.2119283204958808e-4
2017-12-04,-0.0010089104826016665
2017-12-05,7.604635190619637e-5
2017-12-06,0.002275577891793755
2017-12-07,0.0020920044118021928
2017-12-08,6.157126363705082e-4
2017-12-11,-0.0023640678193213613
2017-12-12,0.001287012549152492
2017-12-13,0.0025069718305920728
2017-12-14,-0.0037008011679332486
2017-12-15,-6.066413698943416e-5
2017-12-18,-0.0025333238739281227
2017-12-19,-0.002597576893981096
2017-12-20,3.2623239830294263e-4
2017-12-21,-1.9256052898434413e-4
2017-12-22,5.03833220212781e-4
2017-12-26,-2.43008449326787e-4
2017-12-27,-4.4723728136565974e-4
2017-12-28,-0.0029418354031125237
2018-01-02,-0.006826558798920176
2018-01-03,-3.619467708583878e-5
2018-01-04,-0.0036568422479899935
2018-01-05,4.055537108448129e-4
2018-01-08,0.0031980900627651162
2018-01-09,0.0017545435498751661
2018-01-10,-2.877036065679409e-4
2018-01-11,-0.0022816432674092
2018-01-12,-0.005739093523969104
2018-01-15,-0.004607907355423959
2018-01-16,0.0023251225049505738
2018-01-17,0.003060194077538197
2018-01-18,-0.003611400318670536
2018-01-19,-0.0012525724455254455
2018-01-22,9.726718768923521e-4
2018-01-23,8.915189057224595e-4
2018-01-24,-0.005680567115499253
2018-01-26,-0.00427763254364424
2018-01-29,0.003914881713985305
2018-01-30,-3.1194710160330425e-4
2018-01-31,-0.0013012306405382435
2018-02-01,0.001324519522441906
2018-02-02,-9.258755288104282e-4
2018-02-05,0.003475654178496601
2018-02-06,0.006138260815639238
2018-02-07,-0.0021945018698466107
2018-02-08,0.0060446381571367565
2018-02-09,0.0030589499654494787
2018-02-14,-0.005361914017006206
2018-02-15,-0.007724135527544573
2018-02-16,-4.894647606975731e-4
2018-02-19,0.0013764006909535104
2018-02-20,0.004081325903468494
2018-02-21,8.806408712451168e-4
2018-02-22,0.0033897239702274447
2018-02-23,-0.0036591378750267843
2018-02-26,-0.0013316319364640543
2018-02-27,0.002023846852266058
2018-02-28,0.0042527310195671995
2018-03-01,0.0035157088751712924
2018-03-02,-0.0025372576572421615
2018-03-05,-9.231898584087093e-4
2018-03-06,-0.00729979568787503
2018-03-07,0.0032872040672013523
2018-03-08,5.952397372286601e-4
2018-03-09,0.0026525463107141926
2018-03-12,-0.0010891451402314132
2018-03-13,-0.003393315275042742
2018-03-14,8.710320624584853e-5
2018-03-15,0.0024793484972167133
2018-03-16,0.0024528068213891764
2018-03-19,0.0024904422784893156
2018-03-20,-6.812995781226615e-4
2018-03-21,2.9410711160095097e-4
2018-03-22,-0.0018821246155446762
2018-03-23,-5.123813741921659e-4
2018-03-26,-0.002404267917902743
2018-03-27,2.6334849859867645e-4
2018-03-28,-0.0015776080129774606
2018-03-29,0.0016287798112678143
2018-04-02,0
2018-04-03,-4.906930815100864e-4
2018-04-04,0.0029872400617928564
2018-04-05,-8.1108529944712e-4
2018-04-06,0.0031255808828621946
2018-04-09,0.0011169227758706277
2018-04-10,-2.1079308916233984e-4
2018-04-11,0.0027466258956124114
2018-04-12,-0.003888604754807106
2018-04-13,-5.22894389935089e-4
2018-04-16,-9.732748146959312e-5
2018-04-17,4.5337019335295615e-5
2018-04-18,-0.0016265358103165469
2018-04-19,-0.0016650800044601603
2018-04-20,0.006112474136675735
2018-04-23,0.0065191835971679015
2018-04-24,0.0023459661898971597
2018-04-25,0.004825933016920423
2018-04-26,-0.001366975500557363
2018-04-27,0.0010336462701171208
2018-04-30,3.596278494677357e-4
2018-05-02,0.007351406938609829
2018-05-03,0.0025879206836437797
2018-05-04,0.004560655908269946
2018-05-07,0.0019176056107787001
2018-05-08,0.0013630086669540699
2018-05-09,0.00210256942391249
2018-05-10,-0.002653555338918797
2018-05-11,-0.002993463460026146
2018-05-14,1.478003219683838e-4
2018-05-15,0.013160306801172165
2018-05-16,0.00161288389295176
2018-05-17,-0.0012980564329419199
2018-05-18,0.0037396374016749217
2018-05-21,0.0054157495988410515
2018-05-22,-0.00597326873862204
2018-05-23,0.007153161367177504
2018-05-24,-0.003532294553877111
2018-05-25,5.48418590221133e-4
2018-05-28,-0.0015386618157389547
2018-05-29,0.006032305708408228
2018-05-30,-0.0050607545594897035
2018-06-01,0.0016008221198031574
2018-06-04,-0.004478096968779865
2018-06-05,0.003906002599688371
2018-06-06,-0.0032070954253990043
2018-06-07,-0.0035111867867946
2018-06-08,0.006961042919598291
2018-06-11,0.0011585114609772471
2018-06-12,0.0029792713025853864
2018-06-13,0.002128083161561685
2018-06-14,-4.6669109252661656e-4
2018-06-15,0.012648629835783163
2018-06-18,0.003165429753790219
2018-06-19,0.006510976680203991
2018-06-20,-0.003242719065272509
2018-06-21,0.00142049336661846
2018-06-22,-0.005700560933829226
2018-06-25,-0.001660042350308074
2018-06-26,0.0018387030232167006
2018-06-27,0.0016661048820657027
2018-06-28,0.004829096032810086
2018-06-29,-0.0030582494265214656
2018-07-02,0.005525414307093874
2018-07-03,-0.003778220679278407
2018-07-04,-5.658945988278195e-4
2018-07-05,-0.004315454905248089
2018-07-06,-5.586341410512958e-4
2018-07-10,-0.0013709071668857277
2018-07-11,-7.003121911509705e-5
2018-07-12,0.0018633104810757096
2018-07-13,6.223625113592172e-4
2018-07-16,-0.0043951064606360815
2018-07-17,0.0012014564770433651
2018-07-18,0.004868445368004991
2018-07-19,0.003845374267031009
2018-07-20,-0.003299403209005458
2018-07-23,-0.0016112056623338005
2018-07-24,-3.174519447407133e-4
2018-07-25,-0.0025400402039439853
2018-07-26,-0.0018259011221248027
2018-07-27,0.0030384764654115917
2018-07-30,-0.003279964407689669
2018-07-31,-0.0020245449782057704
2018-08-01,0.0028484022109166395
2018-08-02,0.006571208228452796
2018-08-03,-5.216985161756435e-4
2018-08-06,0.00226980759945063
2018-08-07,-0.0025470032937983285
2018-08-08,0.0023912128833785363
2018-08-09,0.0035180194536650567
2018-08-10,0.015327114204646929
2018-08-13,0.016360225732553794
2018-08-14,-0.00446156332137106
2018-08-15,0.002741695659850356
2018-08-16,-0.003672825266473933
2018-08-17,0.002970285527203774
2018-08-20,-0.004344601989752456
2018-08-21,-0.002338523326664991
2018-08-22,-0.004974207233085109
2018-08-23,0.0015031283168705808
2018-08-24,-3.602874271121011e-4
2018-08-27,5.513335992640992e-5
2018-08-28,-0.002404265965649717
2018-08-29,0.008800076005810698
2018-08-30,0.005731552886476485
2018-08-31,0.009095072479887617
2018-09-03,8.030925944802049e-4
2018-09-04,0.0062087463799594894
2018-09-05,0.003903899061030175
2018-09-06,-0.005024967880242385
2018-09-10,-4.889458669522331e-4
2018-09-11,3.9513013653550794e-4
2018-09-12,-0.0019382318248252148
2018-09-13,-0.005488150280934663
2018-09-14,-0.0023136798744979956
2018-09-17,0.004438753470853967
2018-09-18,-3.063208053694147e-4
2018-09-19,-0.0032268230157257672
2018-09-20,-0.003935537828046576
2018-09-21,-9.890169961688702e-4
2018-09-24,-0.0030784460193169962
2018-09-25,6.259993424855164e-4
2018-09-26,0.001941429508537794
2018-09-27,-0.00171145170402058
2018-09-28,0.0044709390575135245
2018-10-01,-2.7859927056404993e-4
2018-10-02,0.00307388003291323
2018-10-03,-0.001080716920567291
2018-10-04,0.005962322086837504
2018-10-05,0.0018205573780625379
2018-10-08,6.353216960728695e-4
2018-10-09,0.002817043963252722
2018-10-10,-0.004288991184124133
2018-10-11,-0.001508602216785019
2018-10-15,-0.006829630478429742
2018-10-16,-0.00214010535456626
2018-10-17,-2.973740660671891e-4
2018-10-18,0.0010519562903301576
2018-10-19,0.002139754063054041
2018-10-22,3.360725102512741e-4
2018-10-23,0.002434521325437767
2018-10-24,0.0014293986992826376
2018-10-25,0.0017567225096576787
2018-10-26,0.004114716332556007
2018-10-29,-0.0025578015524443504
2018-10-30,0.002600232506496214
2018-10-31,0.00248687689395255
2018-11-01,-0.005943334569506646
2018-11-05,-0.003878523223903725
2018-11-06,-0.004623818176446777
2018-11-07,-0.005534695727521019
2018-11-08,0.0025976163339251784
2018-11-09,0.007259579735221437
2018-11-12,0.0039431767775366736
2018-11-13,0.001849611413968508
2018-11-14,-0.0010041193908880573
2018-11-16,-0.005152196322559958
2018-11-19,-0.004181628492644339
2018-11-21,3.507936392324636e-4
2018-11-22,-0.0015000583993129485
2018-11-23,0.0025955924754352574
2018-11-26,0.0017966316189687202
2018-11-27,0.0025561493573053448
2018-11-28,0.0018748877228093918
2018-11-29,-0.007809899253091057
2018-11-30,3.0677735607008644e-4
2018-12-03,-0.0010366765653945758
2018-12-04,-0.002595872536107152
2018-12-05,0.004997381548958741
2018-12-06,0.0037093949959277296
2018-12-07,-0.0011808541945525117
2018-12-10,-3.0310067991501377e-4
2018-12-11,0.002383454873044904
2018-12-12,-1.912786259005793e-4
2018-12-13,-0.0019051525063263266
2018-12-14,0.006299983123712108
2018-12-17,-0.002605945748934141
2018-12-18,-0.0024416700190172712
2018-12-19,-8.66621412556977e-4
2018-12-21,0.001255377237292369
2018-12-26,0.005340198948245556
2018-12-28,-0.0027105945461792383
2019-01-02,7.286028248797603e-4
2019-01-04,-0.004925482877956379
2019-01-07,-0.006697463423388739
2019-01-08,0.00402620815053639
2019-01-09,-0.0015715532549023248
2019-01-11,-0.004794525054509929
2019-01-14,0.0026348304289770586
2019-01-15,-5.267763736318543e-4
2019-01-16,-0.001090371649380382
2019-01-18,0.0013241724544647297
2019-01-21,0.0020438216627765263
2019-01-22,0.0014506934633071967
2019-01-24,-0.001590155842693362
2019-01-28,-0.00480506175725292
2019-01-29,5.332701233725354e-4
2019-01-30,-5.415974481317003e-4
2019-02-01,-0.005705859803350413
2019-02-04,0.0018485900151273534
2019-02-05,-0.0017258080161558673
2019-02-06,0.0020085989857272853
2019-02-08,0.003455075988239885
2019-02-11,0.0021367764868872887
2019-02-12,2.3592537200913343e-4
2019-02-13,7.201694983918205e-4
2019-02-15,0.004474837987553239
2019-02-18,-0.0018957009737257484
2019-02-19,0.0012224509161484181
2019-02-20,-0.0024760555951659725
2019-02-22,6.852321239713776e-4
2019-02-25,-0.004215742897694552
2019-02-26,7.378116284530137e-4
2019-02-27,-0.0016121430405245882
2019-03-01,0.004184496825844781
2019-03-06,0.0038817277554986707
2019-03-08,0.00825430424926164
2019-03-11,-0.003563971471679598
2019-03-12,-3.950201171530712e-4
2019-03-13,-8.005842606993587e-4
2019-03-15,-0.0017381876629721852
2019-03-18,-0.004411740223358282
2019-03-19,-9.366328746349918e-4
2019-03-20,7.395975315090192e-4
2019-03-22,0.0036974309533606025
2019-03-25,0.0011475681736188644
2019-03-26,3.396505538458886e-4
2019-03-27,0.006636152116369002
2019-03-29,0.0016448997674984166
2019-04-01,-0.0020264473917184105
2019-04-02,-0.0016536590718901024
2019-04-03,-0.0017373971672466056
2019-04-05,9.74795524502537e-4
2019-04-08,0.002074131645082709
2019-04-09,-0.003255710644503567
2019-04-10,-0.0012186376790723763
2019-04-12,-0.002169358735473882
2019-04-15,-2.6165045061349605e-4
2019-04-16,0.0012756207350303793
2019-04-18,0.0017576386458734803
2019-04-22,2.466496802463469e-4
2019-04-23,0.002645842901648581
2019-04-24,0.003910554199337379
2019-04-26,0.008757309942869648
2019-04-29,-8.904308969092638e-4
2019-04-30,-0.0034025916085373272
2019-05-03,0.004514076223474258
2019-05-06,-0.0013182809281914235
2019-05-07,0.0014299153217510682
2019-05-08,0.001634958994672931
2019-05-10,-1.6628213715838997e-4
2019-05-13,8.258026936357174e-4
2019-05-14,-2.549008629397191e-4
2019-05-15,0.0010184053885590242
2019-05-17,0.0014710628290641242
2019-05-20,-4.424284934245153e-5
2019-05-21,0.0018187556195020018
2019-05-22,-6.57937456568035e-4
2019-05-24,-3.6839514401544376e-4
2019-05-27,-0.00132373970383944
2019-05-28,0.001343507414321473
2019-05-29,0.003128937248187583
2019-05-31,-0.0023322141054830277
2019-06-03,-0.0023624645081883333
2019-06-04,-0.003038230072726448
2019-06-05,-0.003755310457565041
2019-06-07,0.003222806570479797
2019-06-10,-0.0038483844137581387
2019-06-11,-0.0018359786660272785
2019-06-12,-6.585695965161529e-4
2019-06-14,0.0016846121681651255
2019-06-17,0.002558867115513347
2019-06-18,-2.718833101779409e-4
2019-06-21,-0.011380976819113214
2019-06-24,-0.0031983269945397956
2019-06-25,-9.198852832908473e-4
2019-06-26,5.88070203675105e-4
2019-06-28,-0.0017588563262588227
2019-07-01,-0.0011202673804947022
2019-07-02,0.0013942640506932641
2019-07-03,-2.5934807885263922e-5
2019-07-05,-6.158051576971765e-4
2019-07-08,0.004000824164275321
2019-07-10,0.0014919576422492448
2019-07-12,-0.0042043709922434435
2019-07-15,-0.002785878401414532
2019-07-16,0.0020419357603061023
2019-07-17,0.0024020132544090825
2019-07-19,-0.0029127899375813375
2019-07-22,3.4821620138029903e-4
2019-07-23,0.0016608742380830673
2019-07-24,0.0016053246855764684
2019-07-26,0.0014540328048679061
2019-07-29,0.0020919236628921083
2019-07-30,-0.0014663691997254492
2019-07-31,7.075507328667192e-4
2019-08-02,0.011100554734756872
2019-08-05,0.0029717628234935166
2019-08-06,0.0010977598227403255
2019-08-07,-1.3784795109484413e-4
2019-08-09,-0.00125671930432737
2019-08-12,0.003903121224453897
2019-08-13,0.01070034939958817
2019-08-14,0.0017547178527606245
2019-08-16,0.003643525327702118
2019-08-19,1.4286326622779313e-5
2019-08-20,0.0016412086059856936
2019-08-21,-0.0030276555302070833
2019-08-23,0.0026855909157234774
2019-08-26,2.2000565103165814e-4
2019-08-27,0.0012635415839423268
2019-08-28,0.0031137813966018945
2019-08-30,0.0013266273487316034
2019-09-02,0.0032859416748283435
2019-09-03,-3.0327326390586657e-4
2019-09-04,-0.009377117729562756
2019-09-06,-0.0031904118465441575
2019-09-09,-0.0019349136264034876
2019-09-10,0.0017378989481309577
2019-09-11,5.041768898443994e-4
2019-09-13,-0.007614633153147535
2019-09-16,0.0040836222180379005
2019-09-17,0.0029674351900236436
2019-09-18,-0.0028408020826098624
2019-09-20,0.0011721369300051918
2019-09-23,0.002980767818805361
2019-09-24,-2.4889550833069666e-4
2019-09-25,0.003015997276582907
2019-09-27,-9.888872367402295e-5
2019-09-30,0.0025330477288891934
2019-10-01,0.002062481476309298
2019-10-02,4.226623698956965e-5
2019-10-04,-0.005993396378505354
2019-10-07,2.9871858449874954e-4
2019-10-08,0.002599472757247379
2019-10-09,-0.001208342943631579
2019-10-11,-0.004385022298244258
2019-10-14,8.069883113975212e-5
2019-10-15,9.370664732123154e-4
2019-10-16,0.0013300113556848551
2019-10-18,-0.006613851963115124
2019-10-21,-0.0027316321399715065
2019-10-22,0.001319976915650059
2019-10-23,-3.429192464730642e-4
2019-10-25,-4.209045009137855e-4
2019-10-28,-0.0015568655591416782
2019-10-29,7.449983083409372e-4
2019-10-30,6.189993693856626e-4
2019-11-01,-0.001135921173135084
2019-11-04,-0.003508852475974381
2019-11-05,7.276979387508089e-4
2019-11-06,0.0016543166045389342
2019-11-08,0.0016496399760689926
2019-11-11,0.0020152198457796928
2019-11-12,6.831329104598202e-4
2019-11-14,0.003426304460195452
2019-11-18,-0.0033604786904305518
2019-11-19,-5.5803997357869274e-5
2019-11-22,0.0013074397689373364
2019-11-25,0.0010272362890494321
2019-11-26,8.842709733777847e-4
2019-11-27,7.97840614853966e-4
2019-11-29,0.0014129141169962394
2019-12-02,1.1272421087723936e-4
2019-12-03,-0.0014918916205739954
2019-12-04,-0.0017517901626531206
2019-12-06,-0.0023386180081766714
2019-12-09,3.236971764534834e-4
2019-12-10,2.9422009625103057e-4
2019-12-11,-3.734181382752593e-4
2019-12-13,-0.008449712038879627
2019-12-16,0.001439472937262186
2019-12-17,-0.0012117260225994464
2019-12-18,0.00164317606814388
2019-12-20,-0.0018483999152283629
2019-12-23,0.0016316720800942806
2019-12-30,-0.005867357528143625
2020-01-03,0.0032092068343809116
2020-01-06,-0.0013983718690515389
2020-01-07,-2.5275004672005514e-5
2020-01-08,3.9202315126958613e-4
2020-01-10,-0.0025282631710285613
2020-01-13,-0.00125742163964974
2020-01-14,0.0010189453470670934
2020-01-15,-6.562618820523493e-4
2020-01-17,0.0022082427147870837
2020-01-20,0.00131251166717757
2020-01-21,4.8819255833019043e-4
2020-01-22,2.670034325607207e-4
2020-01-24,0.0019789201519079627
2020-01-27,0.004059146848247772
2020-01-28,0.0012112090524330867
2020-01-29,1.524153359506964e-4
2020-01-31,0.004020961445079956
2020-02-03,-1.7804801624480456e-4
2020-02-04,-0.0024061719260844937
2020-02-05,-0.0025143338615902905
2020-02-07,0.00631065504871532
2020-02-10,0.001276467103918208
2020-02-11,-7.407997057443952e-4
2020-02-12,-0.0014491145488708902
2020-02-14,0.0020162894939218276
2020-02-17,-2.2122190965186603e-4
2020-02-18,0.002907066210173921
2020-02-19,4.857316068253424e-4
2020-02-21,0.0075644961905285074
2020-02-26,0.003907920240292061
2020-02-28,0.005722775358365418
2020-03-02,-0.002609868196748402
2020-03-03,-0.002463817235610785
2020-03-04,-0.006948846158441456
2020-03-06,0.008026627054698242
2020-03-09,0.007549734207105433
2020-03-10,0.0016928803582420403
2020-03-11,0.002654249717647103
2020-03-13,0.018537445294503803
2020-03-16,0.015142333190802616
2020-03-17,0.011018854803185096
2020-03-18,0.010444991035738531
2020-03-19,0.010988146722007788
2020-03-20,-0.0033705927449400536
2020-03-23,0.008656085667357368
2020-03-24,-0.005182002302614166
2020-03-25,-0.002618796359103384
2020-03-27,-0.008682870301089841
2020-03-30,0.0036189953838246906
2020-03-31,8.586338875669181e-4
2020-04-01,0.00721626257644048
2020-04-03,0.006052289819360913
2020-04-06,-5.519898792371084e-4
2020-04-07,-0.011366654949846238
2020-04-09,-0.0046245619106871465
2020-04-13,0.001131222201984805
2020-04-14,-0.004267173970138491
2020-04-15,0.006119548653760269
2020-04-17,0.0017884645300877534
2020-04-20,0.0014236667445626473
2020-04-22,0.004364705822577729
2020-04-24,5.547560001987812e-4
2020-04-27,-0.0032566785546916475
2020-04-28,-0.0020008887397626038
2020-04-30,-0.009555700376896984
2020-05-04,0.006496720714693924
2020-05-05,-0.0011846331826293845
2020-05-06,0.0018999427999769438
2020-05-08,-0.002954458688716811
2020-05-11,0.0011050252806968277
2020-05-12,-0.0047333863424512635
2020-05-13,0.0013711707740714449
2020-05-15,0.006778046561922602
2020-05-18,-0.0038041223270962655
2020-05-19,-0.006565241644822154
2020-05-20,-0.002969471890772773
2020-05-22,-3.035312330323207e-4
2020-05-25,-6.582674802066362e-4
2020-05-26,-0.007510788432212608
2020-05-27,-2.1187608440333494e-4
2020-05-29,-0.004375777716456536
2020-06-01,-0.0027629683213273334
2020-06-02,-0.006184927303255775
2020-06-03,-0.0035369333862377925
2020-06-05,-0.0058008816952801094
2020-06-08,-0.0010058622011105002
2020-06-09,0.0019310735438100696
2020-06-12,0.006808582797882212
2020-06-15,0.003750528668839
2020-06-16,-0.004981137850531944
2020-06-17,0.002581646741545479
2020-06-19,0.0017616030644328608
2020-06-22,6.191307937038044e-4
2020-06-23,-0.004878188457335418
2020-06-24,0.0018596908215467358
2020-06-26,0.003997567212003604
2020-06-29,-7.348958826548571e-5
2020-06-30,0.004226198233087762
2020-07-01,-0.0020109605468943137
2020-07-03,-0.0035382228287297807
2020-07-06,-0.003980265177239446
2020-07-07,0.0028099130867938905
2020-07-08,4.918514072029812e-4
2020-07-10,4.7537768242592965e-4
2020-07-13,-0.00317486668738962
2020-07-14,0.0010807017817642027
2020-07-15,-0.0037219767808086964
2020-07-17,0.003131503860156642
2020-07-20,-1.3576406155218752e-4
2020-07-21,-0.003623935589806787
2020-07-22,-0.004564024767829227
2020-07-24,0.0026989751801381866
2020-07-27,-0.006565695039532725
2020-07-28,0.0030934361913806533
2020-07-29,-4.8444097928409163e-4
2020-07-31,4.0627801849697006e-4
2020-08-03,0.005574806799331977
2020-08-04,9.912143529136754e-5
2020-08-05,-0.004942832854271562
2020-08-07,0.004742703898466242
2020-08-10,0.002033596712104288
2020-08-11,-0.0028750016558770574
2020-08-12,0.0013667231920797551
2020-08-14,1.6658397381881981e-4
2020-08-17,-3.0519166231926666e-4
2020-08-18,-0.0021095759181857126
2020-08-19,-0.0012000700634396428
2020-08-21,0.005865466647862743
2020-08-24,-0.003811249885060325
2020-08-25,0.001419983020843323
2020-08-26,0.0020608117566981387
2020-08-28,-0.007972520041776324
2020-08-31,-0.0011315531884508647
2020-09-01,-0.002469117039913897
2020-09-02,0.00583984711902427
2020-09-04,8.321584918381161e-4
2020-09-08,0.007193611603322284
2020-09-09,-0.0013912387779862392
2020-09-11,-0.003042710045246243
2020-09-14,-0.0010902370203882757
2020-09-15,-0.0029461555317653832
2020-09-16,-5.156767301395249e-4
2020-09-18,8.213279578551175e-4
2020-09-21,0.007110537280331497
2020-09-22,0.0018635581882644118
2020-09-23,0.006917627612991721
2020-09-25,0.005334946805157719
2020-09-28,4.931433497758924e-4
2020-09-29,-0.001208406874940773
2020-09-30,-4.038767511899503e-4
2020-10-02,-0.00656890142913243
2020-10-05,-0.002439552736182144
2020-10-06,-0.0018632091234610456
2020-10-07,0.001645529409972938
2020-10-09,-0.00439600841344465
2020-10-13,0.002130388465982727
2020-10-14,0.0031114164303198922
2020-10-16,5.995112031707119e-4
2020-10-19,-0.002092350202663284
2020-10-20,8.042414213755026e-4
2020-10-21,-0.003504614312889328
2020-10-23,-0.0015399748774979072
2020-10-26,0.0032069641604350416
2020-10-27,-0.0010139867336531722
2020-10-28,0.008583720848223933
2020-10-30,9.258896966688961e-4
2020-11-03,-0.0017467291583646016
2020-11-04,-0.002741762539656061
2020-11-06,-0.009752567042013957
2020-11-09,-0.01235340100455985
2020-11-10,0.005157122210627614
2020-11-11,-5.949807931033601e-4
2020-11-13,-0.0024699740461739334
2020-11-16,-0.002611353376197918
2020-11-17,3.3045021941980365e-4
2020-11-18,-0.00204502435306738
2020-11-20,-1.1283271374896831e-4
2020-11-23,-3.8645860617675094e-4
2020-11-24,0.002599677275710258
2020-11-25,-0.0020090620707383946
2020-11-27,-8.645307932937632e-4
2020-11-30,-0.001984746565202136
2020-12-01,-7.851314373837728e-5
2020-12-02,-0.0025270668617297827
2020-12-04,-0.00782590374242905
2020-12-07,0.0013134084865918762
2020-12-08,-0.001530973288269297
2020-12-09,-0.0017786072421839155
2020-12-11,0.0013003803030033777
2020-12-14,-0.001875031785573601
2020-12-15,0.0013142761940141178
2020-12-16,-0.002799913433834672
2020-12-18,-0.0035089428032824862
2020-12-21,0.00926100951480541
2020-12-23,-0.001598258830303272
2020-12-28,-0.004792610763319617
2020-12-30,-0.0019600150109949643
2021-01-04,-0.004590396428691523
2021-01-05,0.004302874962836808
2021-01-06,-0.004165481428828403
2021-01-08,0.00599806636579651
2021-01-11,0.005875021368493447
2021-01-12,-0.0016579791545490398
2021-01-13,-0.0019135512602220502
2021-01-15,0.0017667814546025297
2021-01-18,0.0038605096709688727
2021-01-19,-0.005120145675995829
2021-01-20,5.860552675919871e-4
2021-01-22,0.0021746071380983117
2021-01-26,0.0020209702061720026
