date,VIXCLS,DCOILWTICO,value
2008-12-31,40,44.6,2.337
2009-01-02,39.19,46.17,2.3298
2009-01-05,39.08,48.61,2.278
2009-01-06,38.56,48.56,2.1889
2009-01-07,43.39,42.75,2.2174
2009-01-08,42.56,41.68,2.2683
2009-01-09,42.82,40.69,2.2867
2009-01-12,45.84,37.65,2.2969
2009-01-13,43.27,37.77,2.3083
2009-01-14,49.14,37.43,2.3341
2009-01-15,51,35.41,2.3803
2009-01-16,46.11,35.38,2.3248
2009-01-19,NA,NA,2.3306
2009-01-20,56.65,38.57,2.3548
2009-01-21,46.42,42.56,2.3544
2009-01-22,47.29,42.33,2.3299
2009-01-23,47.27,45.12,2.3568
2009-01-26,45.69,46.5,2.3149
2009-01-27,42.25,41.67,2.3109
2009-01-28,39.66,42.04,2.2982
2009-01-29,42.63,41.58,2.2761
2009-01-30,44.84,41.73,2.3162
2009-02-02,45.52,41.35,2.3475
2009-02-03,43.06,40.87,2.3144
2009-02-04,43.85,40.27,2.2994
2009-02-05,43.73,41.15,2.3065
2009-02-06,43.37,40.24,2.2658
2009-02-09,43.64,39.58,2.2446
2009-02-10,46.67,37.54,2.2528
2009-02-11,44.53,35.93,2.287
2009-02-12,41.25,34.03,2.2909
2009-02-13,42.93,37.63,2.268
2009-02-16,NA,NA,2.2719
2009-02-17,48.66,34.96,2.3131
2009-02-18,48.46,34.67,2.3396
2009-02-19,47.08,39.6,2.3249
2009-02-20,49.3,39.35,2.3916
2009-02-25,44.67,41.64,2.3814
2009-02-26,44.66,43.18,2.3503
2009-02-27,46.35,44.15,2.3784
2009-03-02,52.65,40.07,2.4121
2009-03-03,50.93,41.57,2.4218
2009-03-04,47.56,45.28,2.3917
2009-03-05,50.17,43.54,2.3822
2009-03-06,49.33,45.43,2.3768
2009-03-09,49.68,47.01,2.3781
2009-03-10,44.37,45.68,2.3515
2009-03-11,43.61,42.46,2.3366
2009-03-12,41.18,46.91,2.3158
2009-03-13,42.36,46.22,2.3012
2009-03-16,43.74,47.33,2.2705
2009-03-17,40.8,48.97,2.2833
2009-03-18,40.06,48.12,2.2806
2009-03-19,43.68,51.46,2.2379
2009-03-20,45.89,51.55,2.2567
2009-03-23,43.23,53.05,2.2505
2009-03-24,42.93,53.36,2.2567
2009-03-25,42.25,52.24,2.2435
2009-03-26,40.36,53.87,2.2375
2009-03-27,41.04,52.41,2.2745
2009-03-30,45.54,48.49,2.3297
2009-03-31,44.14,49.64,2.3152
2009-04-01,42.28,48.46,2.2899
2009-04-02,42.04,52.61,2.2355
2009-04-03,39.7,52.52,2.2072
2009-04-06,40.93,51.1,2.2252
2009-04-07,40.39,49.13,2.2249
2009-04-08,38.85,49.37,2.2014
2009-04-09,36.53,52.24,2.1766
2009-04-13,37.81,50.22,2.1699
2009-04-14,37.67,49.51,2.1876
2009-04-15,36.17,49.26,2.1992
2009-04-16,35.79,49.97,2.1791
2009-04-17,33.94,50.36,2.1864
2009-04-20,39.18,45.82,2.235
2009-04-22,38.1,47.41,2.2128
2009-04-23,37.15,48.46,2.2107
2009-04-24,36.82,50.65,2.1933
2009-04-27,38.32,49.29,2.2165
2009-04-28,37.95,49.01,2.2037
2009-04-29,36.08,50.19,2.1838
2009-04-30,36.5,50.35,2.1783
2009-05-04,34.53,54.45,2.1369
2009-05-05,33.36,53.81,2.1476
2009-05-06,32.45,56.29,2.1213
2009-05-07,33.44,56.67,2.0984
2009-05-08,32.05,58.58,2.075
2009-05-11,32.87,57.79,2.0579
2009-05-12,31.8,58.81,2.0649
2009-05-13,33.65,58,2.0992
2009-05-14,31.37,58.58,2.0929
2009-05-15,33.12,56.52,2.0762
2009-05-18,30.24,58.99,2.0784
2009-05-19,28.8,59.52,2.0488
2009-05-20,29.03,61.45,2.0199
2009-05-21,31.35,60.49,2.0264
2009-05-22,32.63,61.15,2.0279
2009-05-25,NA,NA,2.0234
2009-05-26,30.62,62.48,2.0261
2009-05-27,32.36,63.41,2.0095
2009-05-28,31.67,65.09,2.0144
2009-05-29,28.92,66.31,1.973
2009-06-01,30.04,68.59,1.944
2009-06-02,29.63,68.58,1.937
2009-06-03,31.02,66.14,1.96
2009-06-04,30.18,68.8,1.9497
2009-06-05,29.62,68.43,1.9534
2009-06-08,29.77,68.05,1.9704
2009-06-09,28.27,70.02,1.9385
2009-06-10,28.46,71.38,1.9474
2009-06-12,28.15,72.13,1.9301
2009-06-15,30.81,70.54,1.9458
2009-06-16,32.68,70.47,1.9461
2009-06-17,31.54,71.07,1.9784
2009-06-18,30.03,71.42,1.9709
2009-06-19,27.99,69.6,1.9592
2009-06-22,31.17,67.09,2.0074
2009-06-23,30.58,68.81,2.0019
2009-06-24,29.05,68.14,1.9724
2009-06-25,26.36,69.7,1.9562
2009-06-26,25.93,69.16,1.9396
2009-06-29,25.35,71.47,1.9487
2009-06-30,26.35,69.82,1.9516
2009-07-01,26.22,69.32,1.9342
2009-07-02,27.95,66.68,1.9469
2009-07-03,NA,NA,1.9474
2009-07-06,29,64.06,1.9711
2009-07-07,30.85,62.88,1.9641
2009-07-08,31.3,60.15,1.9982
2009-07-09,29.78,60.36,1.9921
2009-07-10,29.02,59.93,2.0147
2009-07-13,26.31,59.69,1.9895
2009-07-14,25.02,59.62,1.9704
2009-07-15,25.89,61.49,1.942
2009-07-16,25.42,62.07,1.934
2009-07-17,24.34,63.56,1.929
2009-07-20,24.4,63.93,1.9068
2009-07-21,23.87,64.81,1.9043
2009-07-22,23.47,64.58,1.9029
2009-07-23,23.43,66.1,1.8922
2009-07-24,23.09,66.96,1.896
2009-07-27,24.28,68.34,1.8837
2009-07-28,25.01,67.24,1.8819
2009-07-29,25.61,63.42,1.8982
2009-07-30,25.4,66.9,1.8811
2009-07-31,25.92,69.26,1.8726
2009-08-03,25.56,71.59,1.8369
2009-08-04,24.89,71.4,1.8272
2009-08-05,24.9,71.97,1.8181
2009-08-06,25.67,71.96,1.8348
2009-08-07,24.76,70.97,1.8232
2009-08-10,24.99,70.59,1.8412
2009-08-11,25.99,69.46,1.8457
2009-08-12,25.45,70.08,1.8386
2009-08-13,24.71,70.57,1.8325
2009-08-14,24.27,67.51,1.8385
2009-08-17,27.89,66.72,1.8682
2009-08-18,26.18,69.22,1.8574
2009-08-19,26.26,72.54,1.8433
2009-08-20,25.09,72.4,1.8434
2009-08-21,25.01,73.12,1.8297
2009-08-24,25.14,73.68,1.8339
2009-08-25,24.92,71.6,1.8419
2009-08-26,24.95,71.38,1.867
2009-08-27,24.68,72.49,1.8669
2009-08-28,24.76,72.72,1.874
2009-08-31,26.01,69.97,1.8864
2009-09-01,29.15,68.11,1.8829
2009-09-02,28.9,68.03,1.9038
2009-09-03,27.1,67.9,1.8702
2009-09-04,25.26,67.95,1.8501
2009-09-08,25.62,71.08,1.8254
2009-09-09,24.32,71.27,1.828
2009-09-10,23.55,71.95,1.8261
2009-09-11,24.15,69.34,1.8179
2009-09-14,23.86,68.86,1.8197
2009-09-15,23.42,70.81,1.8087
2009-09-16,23.69,72.5,1.7984
2009-09-17,23.65,72.48,1.8094
2009-09-18,23.92,71.95,1.8049
2009-09-21,24.06,69.74,1.8172
2009-09-22,23.08,71.5,1.8061
2009-09-23,23.49,68.74,1.7916
2009-09-24,24.95,65.74,1.7917
2009-09-25,25.61,65.91,1.8017
2009-09-28,24.88,66.69,1.791
2009-09-29,25.19,66.56,1.7928
2009-09-30,25.61,70.46,1.7781
2009-10-01,28.27,70.67,1.7794
2009-10-02,28.68,69.8,1.7844
2009-10-05,26.84,70.26,1.7673
2009-10-06,25.7,70.71,1.7533
2009-10-07,24.68,69.6,1.7595
2009-10-08,24.18,71.69,1.7412
2009-10-09,23.12,71.75,1.7389
2009-10-13,22.99,74.1,1.7298
2009-10-14,22.86,75.2,1.7099
2009-10-15,21.72,77.55,1.7037
2009-10-16,21.43,78.54,1.7135
2009-10-19,21.49,79.47,1.713
2009-10-20,20.9,78.87,1.745
2009-10-21,22.22,81.03,1.744
2009-10-22,20.69,80.82,1.7304
2009-10-23,22.27,80.11,1.7113
2009-10-26,24.31,78.61,1.7157
2009-10-27,24.83,79.45,1.7342
2009-10-28,27.91,77.39,1.7447
2009-10-29,24.76,79.84,1.7436
2009-10-30,30.69,77.04,1.744
2009-11-03,28.81,79.58,1.7588
2009-11-04,27.72,80.3,1.7271
2009-11-05,25.43,79.64,1.724
2009-11-06,24.19,77.4,1.7179
2009-11-09,23.15,79.44,1.7024
2009-11-10,22.84,79.01,1.7096
2009-11-11,23.04,79.16,1.7112
2009-11-12,24.24,77.25,1.725
2009-11-13,23.36,76.34,1.729
2009-11-16,22.89,78.91,1.7127
2009-11-17,22.41,79.08,1.7153
2009-11-18,21.63,79.55,1.7103
2009-11-19,22.63,77.47,1.7287
2009-11-20,22.19,76.83,1.7356
2009-11-23,21.16,76.49,1.7245
2009-11-24,20.47,74.88,1.7282
2009-11-25,20.48,77.25,1.7272
2009-11-26,NA,NA,1.7409
2009-11-27,24.74,75.95,1.7443
2009-11-30,24.51,77.19,1.7505
2009-12-01,21.92,78.39,1.7293
2009-12-02,21.12,76.62,1.7201
2009-12-03,22.46,76.42,1.7096
2009-12-04,21.25,75.41,1.7131
2009-12-07,22.1,73.89,1.7302
2009-12-08,23.69,72.59,1.7482
2009-12-09,22.66,70.67,1.7611
2009-12-10,22.32,70.54,1.7627
2009-12-11,21.59,69.86,1.7521
2009-12-14,21.15,69.48,1.7483
2009-12-15,21.49,70.62,1.7557
2009-12-16,20.54,72.64,1.7518
2009-12-17,22.51,72.58,1.7823
2009-12-18,21.68,73.3,1.7879
2009-12-21,20.49,72.71,1.7787
2009-12-22,19.54,73.48,1.7825
2009-12-23,19.71,76.03,1.7763
2009-12-24,19.47,76.83,1.7527
2009-12-28,19.93,78.67,1.7398
2009-12-29,20.01,78.87,1.7421
2009-12-30,19.96,79.35,1.7412
2009-12-31,21.68,79.39,1.7412
2010-01-04,20.04,81.52,1.724
2010-01-05,19.35,81.74,1.7227
2010-01-06,19.16,83.12,1.7337
2010-01-07,19.06,82.6,1.7413
2010-01-08,18.13,82.74,1.739
2010-01-11,17.55,82.54,1.7323
2010-01-12,18.25,80.79,1.7439
2010-01-13,17.85,79.66,1.7442
2010-01-14,17.63,79.35,1.7648
2010-01-15,17.91,77.96,1.7711
2010-01-18,NA,NA,1.7721
2010-01-19,17.58,78.98,1.7747
2010-01-20,18.68,77.42,1.7854
2010-01-21,22.27,75.84,1.7903
2010-01-22,27.31,74.25,1.8187
2010-01-25,25.41,74.9,1.8194
2010-01-26,24.55,74.67,1.8367
2010-01-27,23.14,73.64,1.8513
2010-01-28,23.73,73.62,1.856
2010-01-29,24.62,72.85,1.8748
2010-02-01,22.59,74.41,1.8773
2010-02-02,21.48,77.21,1.8363
2010-02-03,21.6,76.96,1.8337
2010-02-04,26.08,73.13,1.8715
2010-02-05,26.11,71.15,1.8753
2010-02-08,26.51,71.87,1.873
2010-02-09,26,73.71,1.855
2010-02-10,25.4,74.48,1.8483
2010-02-11,23.96,75.23,1.8516
2010-02-12,22.73,74.11,1.867
2010-02-17,21.72,77.27,1.8313
2010-02-18,20.63,78.97,1.8266
2010-02-19,20.02,79.77,1.8116
2010-02-22,19.94,80.04,1.8046
2010-02-23,21.37,78.61,1.8186
2010-02-24,20.27,79.75,1.8203
2010-02-25,20.1,77.99,1.8364
2010-02-26,19.5,79.72,1.811
2010-03-01,19.26,78.71,1.8
2010-03-02,19.06,79.62,1.7851
2010-03-03,18.83,80.91,1.7846
2010-03-04,18.72,80.21,1.7888
2010-03-05,17.42,81.5,1.7824
2010-03-08,17.79,81.85,1.7826
2010-03-09,17.92,81.5,1.7899
2010-03-10,18.57,82.07,1.7716
2010-03-11,18.06,82.1,1.7693
2010-03-12,17.58,81.26,1.7637
2010-03-15,18,79.79,1.7644
2010-03-16,17.69,81.75,1.7666
2010-03-17,16.91,82.93,1.764
2010-03-18,16.62,82.16,1.7848
2010-03-19,16.97,80.58,1.7954
2010-03-22,16.87,81.26,1.803
2010-03-23,16.35,81.68,1.7813
2010-03-24,17.55,80.29,1.7904
2010-03-25,18.4,80.25,1.8008
2010-03-26,17.77,79.75,1.8231
2010-03-29,17.59,81.92,1.8064
2010-03-30,17.13,82.14,1.7952
2010-03-31,17.59,83.45,1.781
2010-04-01,17.47,84.53,1.7701
2010-04-05,17.02,86.36,1.7573
2010-04-06,16.23,86.54,1.7605
2010-04-07,16.62,85.64,1.7662
2010-04-08,16.48,85.17,1.7806
2010-04-09,16.14,84.6,1.773
2010-04-12,15.58,84.07,1.7608
2010-04-13,16.2,83.8,1.7584
2010-04-14,15.59,85.62,1.7446
2010-04-15,15.89,85.25,1.7483
2010-04-16,18.36,82.97,1.7558
2010-04-19,17.34,81.52,1.7588
2010-04-20,15.73,82.98,1.7497
2010-04-22,16.47,82.89,1.7626
2010-04-23,16.62,84.34,1.7624
2010-04-26,17.47,84.2,1.7446
2010-04-27,22.81,82.43,1.7592
2010-04-28,21.08,83.22,1.7558
2010-04-29,18.44,85.17,1.7321
2010-04-30,22.05,86.07,1.7306
2010-05-03,20.19,86.19,1.7315
2010-05-04,23.84,82.73,1.7557
2010-05-05,24.91,80,1.7862
2010-05-06,32.8,77.18,1.8353
2010-05-07,40.95,75.1,1.8343
2010-05-10,28.84,76.89,1.7833
2010-05-11,28.32,76.37,1.7843
2010-05-12,25.52,75.65,1.7723
2010-05-13,26.68,74.38,1.7737
2010-05-14,31.24,71.61,1.7967
2010-05-17,30.84,70.08,1.8045
2010-05-18,33.55,69.38,1.7921
2010-05-19,35.32,69.91,1.8366
2010-05-20,45.79,68.28,1.8677
2010-05-21,40.1,68.03,1.871
2010-05-24,38.32,68.23,1.8522
2010-05-25,34.61,64.78,1.8811
2010-05-26,35.02,71.52,1.8461
2010-05-27,29.68,74.56,1.8328
2010-05-28,32.07,74,1.8229
2010-05-31,NA,NA,1.8167
2010-06-01,35.54,72.7,1.8255
2010-06-02,30.17,72.88,1.8362
2010-06-04,35.48,71.43,1.8401
2010-06-07,36.57,71.55,1.8634
2010-06-08,33.7,71.88,1.8658
2010-06-09,33.73,74.38,1.8423
2010-06-10,30.57,75.48,1.8185
2010-06-11,28.79,73.89,1.8125
2010-06-14,28.58,74.99,1.803
2010-06-15,25.87,76.84,1.7971
2010-06-16,25.92,77.67,1.7893
2010-06-17,25.05,76.82,1.7817
2010-06-18,23.95,77.18,1.7761
2010-06-21,24.88,77.84,1.7663
2010-06-22,27.05,77.15,1.768
2010-06-23,26.91,75.9,1.7908
2010-06-24,29.74,75.96,1.7907
2010-06-25,28.53,78.45,1.7781
2010-06-28,29,78.26,1.7826
2010-06-29,34.13,75.93,1.8076
2010-06-30,34.54,75.59,1.8015
2010-07-01,32.86,72.95,1.8006
2010-07-02,30.12,72.06,1.7785
2010-07-05,NA,NA,1.7755
2010-07-06,29.65,71.96,1.7665
2010-07-07,26.84,74.05,1.7719
2010-07-08,25.71,75.46,1.7652
2010-07-09,24.98,76.08,1.7572
2010-07-12,24.43,74.93,1.7644
2010-07-13,24.56,77.16,1.7525
2010-07-14,24.89,77.02,1.7657
2010-07-15,25.14,76.67,1.769
2010-07-16,26.25,75.96,1.7792
2010-07-19,25.97,76.53,1.7854
2010-07-20,23.93,77.32,1.78
2010-07-21,25.64,76.27,1.7766
2010-07-22,24.63,79.01,1.7629
2010-07-23,23.47,78.68,1.7617
2010-07-26,22.73,78.93,1.7669
2010-07-27,23.19,77.46,1.7658
2010-07-28,24.25,77.06,1.765
2010-07-29,24.13,78.3,1.7643
2010-07-30,23.5,78.85,1.7572
2010-08-02,22.01,81.25,1.7489
2010-08-03,22.63,82.52,1.7594
2010-08-04,22.21,82.49,1.7563
2010-08-05,22.1,82,1.7535
2010-08-06,21.74,80.67,1.7566
2010-08-09,22.14,81.46,1.7537
2010-08-10,22.37,80.24,1.7576
2010-08-11,25.39,78.09,1.7663
2010-08-12,25.73,75.68,1.7731
2010-08-13,26.24,75.39,1.7716
2010-08-16,26.1,75.17,1.7639
2010-08-17,24.33,75.76,1.7528
2010-08-18,24.59,75.39,1.7513
2010-08-19,26.44,74.45,1.7584
2010-08-20,25.49,73.45,1.7597
2010-08-23,25.66,72.71,1.7587
2010-08-24,27.46,71.24,1.7727
2010-08-25,26.7,72.07,1.7668
2010-08-26,27.37,73.36,1.7596
2010-08-27,24.45,75.17,1.7544
2010-08-30,27.21,74.69,1.7591
2010-08-31,26.05,71.93,1.756
2010-09-01,23.89,73.97,1.7441
2010-09-02,23.19,74.99,1.7367
2010-09-03,21.31,74.52,1.7281
2010-09-06,NA,NA,1.7259
2010-09-08,23.25,74.65,1.7231
2010-09-09,22.81,74.25,1.7238
2010-09-10,21.99,76.4,1.7186
2010-09-13,21.21,77.17,1.7174
2010-09-14,21.56,76.78,1.7076
2010-09-15,22.1,75.92,1.7169
2010-09-16,21.72,74.58,1.7184
2010-09-17,22.01,73.63,1.7166
2010-09-20,21.5,74.81,1.7216
2010-09-21,22.35,72.96,1.7255
2010-09-22,22.51,72.98,1.7184
2010-09-23,23.87,73.4,1.7194
2010-09-24,21.71,74.63,1.712
2010-09-27,22.54,76.51,1.71
2010-09-28,22.6,76.15,1.7093
2010-09-29,23.25,77.85,1.7053
2010-09-30,23.7,79.95,1.6942
2010-10-01,22.5,81.57,1.6812
2010-10-04,23.53,81.43,1.6882
2010-10-05,21.76,82.83,1.6808
2010-10-06,21.49,83.21,1.6758
2010-10-07,21.56,81.34,1.6777
2010-10-08,20.71,82.66,1.6804
2010-10-11,18.96,82.18,1.6648
2010-10-13,19.07,83.03,1.6554
2010-10-14,19.88,82.71,1.6596
2010-10-15,19.03,81.23,1.6604
2010-10-18,19.09,83.06,1.6686
2010-10-19,20.63,79.57,1.6868
2010-10-20,19.79,81.93,1.6735
2010-10-21,19.27,80.03,1.6897
2010-10-22,18.78,81.15,1.6997
2010-10-25,19.85,82,1.7026
2010-10-26,20.22,82.6,1.7045
2010-10-27,20.71,81.9,1.7077
2010-10-28,20.88,82.2,1.7112
2010-10-29,21.2,81.45,1.7014
2010-11-01,21.83,82.94,1.7044
2010-11-03,19.56,84.45,1.6937
2010-11-04,18.52,86.49,1.6819
2010-11-05,18.26,86.85,1.6801
2010-11-08,18.29,87.07,1.697
2010-11-09,19.08,87.04,1.697
2010-11-10,18.47,87.77,1.707
2010-11-11,18.64,87.77,1.7178
2010-11-12,20.61,84.89,1.7198
2010-11-16,22.58,82.33,1.7295
2010-11-17,21.76,80.43,1.7298
2010-11-18,18.75,81.88,1.7143
2010-11-19,18.04,81.65,1.7189
2010-11-22,18.37,81.24,1.7235
2010-11-23,20.63,80.79,1.7336
2010-11-24,19.56,83.21,1.7247
2010-11-25,NA,NA,1.7206
2010-11-26,22.22,83.87,1.7298
2010-11-29,21.53,85.73,1.7271
2010-11-30,23.54,84.12,1.7161
2010-12-01,21.36,86.75,1.7052
2010-12-02,19.39,87.98,1.7029
2010-12-03,18.01,89.18,1.6917
2010-12-06,18.02,89.33,1.6836
2010-12-07,17.99,88.69,1.6739
2010-12-08,17.74,88.3,1.6892
2010-12-09,17.25,88.35,1.7024
2010-12-10,17.61,87.81,1.7117
2010-12-13,17.55,88.62,1.7027
2010-12-14,17.61,88.33,1.6949
2010-12-15,17.94,88.66,1.6988
2010-12-16,17.39,87.71,1.7028
2010-12-17,16.11,88.02,1.7098
2010-12-20,16.41,88.68,1.7082
2010-12-21,16.49,89.3,1.6974
2010-12-22,15.45,89.83,1.6946
2010-12-23,16.47,90.84,1.6984
2010-12-24,NA,NA,1.6903
2010-12-27,17.67,90.99,1.6922
2010-12-28,17.52,91.48,1.6866
2010-12-29,17.28,91.13,1.6788
2010-12-30,17.52,89.85,1.6662
2010-12-31,17.75,91.38,1.6662
2011-01-03,17.61,91.59,1.651
2011-01-04,17.38,89.39,1.6556
2011-01-05,17.02,90.3,1.6713
2011-01-06,17.4,88.37,1.6857
2011-01-07,17.14,88.07,1.6861
2011-01-10,17.54,89.24,1.6912
2011-01-11,16.89,91.11,1.6887
2011-01-12,16.24,91.85,1.6773
2011-01-13,16.39,91.39,1.6701
2011-01-14,15.46,91.53,1.6843
2011-01-17,NA,NA,1.6818
2011-01-18,15.87,91.38,1.6745
2011-01-19,17.31,90.85,1.6714
2011-01-20,17.99,88.56,1.6715
2011-01-21,18.47,88.22,1.6723
2011-01-24,17.65,86.74,1.6731
2011-01-25,17.59,85.08,1.6745
2011-01-26,16.64,86.15,1.6692
2011-01-27,16.15,84.45,1.672
2011-01-28,20.04,88.15,1.6782
2011-01-31,19.53,90.99,1.6734
2011-02-01,17.63,89.54,1.6631
2011-02-02,17.3,89.78,1.6671
2011-02-03,16.69,89.42,1.6697
2011-02-04,15.93,87.87,1.6738
2011-02-07,16.28,86.3,1.6776
2011-02-08,15.81,85.85,1.6711
2011-02-09,15.87,85.59,1.6643
2011-02-10,16.09,85.44,1.668
2011-02-11,15.69,84.39,1.6679
2011-02-14,15.95,83.66,1.6681
2011-02-15,16.37,83.13,1.6682
2011-02-16,16.72,83.8,1.6704
2011-02-17,16.59,85.05,1.6661
2011-02-18,16.43,85.03,1.6677
2011-02-21,NA,NA,1.6667
2011-02-22,20.8,92.65,1.6694
2011-02-23,22.13,96.04,1.672
2011-02-24,21.32,95.83,1.6649
2011-02-25,19.22,96.52,1.6625
2011-02-28,18.35,97.1,1.6612
2011-03-01,21.01,99.63,1.6627
2011-03-02,20.7,102.27,1.661
2011-03-03,18.6,101.92,1.6545
2011-03-04,19.06,104.34,1.6462
2011-03-09,20.22,104.39,1.6559
2011-03-10,21.88,102.73,1.6612
2011-03-11,20.08,101.14,1.6649
2011-03-14,21.13,101.2,1.6631
2011-03-15,24.32,97.23,1.6692
2011-03-16,29.4,97.99,1.6674
2011-03-17,26.37,101.47,1.6757
2011-03-18,24.44,101.06,1.672
2011-03-21,20.61,102.36,1.6652
2011-03-22,20.21,104.53,1.6638
2011-03-23,19.17,105.21,1.6602
2011-03-24,18,105.04,1.6593
2011-03-25,17.91,104.89,1.6581
2011-03-28,19.44,103.54,1.6614
2011-03-29,18.16,104.34,1.6546
2011-03-30,17.71,103.8,1.636
2011-03-31,17.74,106.19,1.6287
2011-04-01,17.4,107.55,1.6194
2011-04-04,17.5,108.14,1.611
2011-04-05,17.25,107.82,1.6087
2011-04-06,16.9,108.38,1.6097
2011-04-07,17.11,109.82,1.5927
2011-04-08,17.87,112.27,1.5762
2011-04-11,16.59,109.5,1.5805
2011-04-12,17.09,105.75,1.587
2011-04-13,16.92,106.6,1.5864
2011-04-14,16.27,107.73,1.5842
2011-04-15,15.32,109.17,1.5776
2011-04-18,16.96,106.7,1.5912
2011-04-19,15.83,107.18,1.5792
2011-04-20,15.07,110.84,1.5722
2011-04-25,15.77,111.68,1.572
2011-04-26,15.62,111.72,1.5654
2011-04-27,15.35,112.31,1.5705
2011-04-28,14.62,112.38,1.5853
2011-04-29,14.75,113.39,1.5733
2011-05-02,15.99,113.03,1.5747
2011-05-03,16.7,110.6,1.589
2011-05-04,17.08,108.79,1.603
2011-05-05,18.2,99.89,1.6219
2011-05-06,18.4,96.87,1.6111
2011-05-09,17.16,100.32,1.6199
2011-05-10,15.91,103.39,1.6069
2011-05-11,16.95,97.88,1.6178
2011-05-12,16.03,98.53,1.6207
2011-05-13,17.07,99.21,1.6328
2011-05-16,18.24,96.91,1.6317
2011-05-17,17.55,96.4,1.629
2011-05-18,16.23,99.52,1.6166
2011-05-19,15.52,97.99,1.6165
2011-05-20,17.43,99.15,1.6169
2011-05-23,18.27,97.06,1.6339
2011-05-24,17.82,99.13,1.6256
2011-05-25,17.07,100.78,1.6297
2011-05-26,16.09,100.18,1.6196
2011-05-27,15.98,100.58,1.6038
2011-05-30,NA,NA,1.5958
2011-05-31,15.45,102.7,1.5799
2011-06-01,18.3,100.3,1.5878
2011-06-02,18.09,100.41,1.5805
2011-06-03,17.95,100.28,1.5744
2011-06-06,18.49,99.07,1.581
2011-06-07,18.07,99.18,1.5764
2011-06-08,18.79,100.77,1.582
2011-06-09,17.77,101.95,1.5877
2011-06-10,18.86,99.3,1.5938
2011-06-13,19.61,97.2,1.5888
2011-06-14,18.26,99.37,1.5821
2011-06-15,21.32,94.83,1.596
2011-06-16,22.73,94.95,1.6108
2011-06-17,21.85,93.02,1.5979
2011-06-20,19.99,93.23,1.5969
2011-06-21,18.86,93.7,1.591
2011-06-22,18.52,94.96,1.5877
2011-06-24,21.1,90.89,1.5988
2011-06-27,20.56,90.65,1.5969
2011-06-28,19.17,92.9,1.5833
2011-06-29,17.27,94.85,1.573
2011-06-30,16.52,95.3,1.5611
2011-07-01,15.87,94.81,1.5599
2011-07-04,NA,NA,1.558
2011-07-05,16.06,96.92,1.5637
2011-07-06,16.34,96.67,1.5662
2011-07-07,15.95,98.7,1.5581
2011-07-08,15.95,96.2,1.5634
2011-07-11,18.39,95.16,1.5796
2011-07-12,19.87,97.41,1.5773
2011-07-13,19.91,98.04,1.5762
2011-07-14,20.8,95.75,1.5729
2011-07-15,19.53,97.24,1.5743
2011-07-18,20.95,95.94,1.5828
2011-07-19,19.21,97.49,1.5691
2011-07-20,19.09,98.11,1.5651
2011-07-21,17.56,98.96,1.5567
2011-07-22,17.52,99.53,1.5547
2011-07-25,19.35,98.97,1.5449
2011-07-26,20.23,99.61,1.5345
2011-07-27,22.98,97.4,1.5639
2011-07-28,23.74,97.48,1.5651
2011-07-29,25.25,95.68,1.5563
2011-08-01,23.66,94.98,1.5551
2011-08-02,24.79,93.78,1.5656
2011-08-03,23.38,91.87,1.5651
2011-08-04,31.66,86.75,1.5752
2011-08-05,32,86.89,1.5895
2011-08-08,48,81.27,1.5999
2011-08-09,35.06,79.32,1.6334
2011-08-10,42.99,83.05,1.6183
2011-08-11,39,85.48,1.6306
2011-08-12,36.36,85.19,1.6157
2011-08-15,31.87,87.88,1.5956
2011-08-16,32.85,86.65,1.5918
2011-08-17,31.58,87.58,1.583
2011-08-18,42.67,82.38,1.6062
2011-08-19,43.05,82.33,1.596
2011-08-22,42.44,84.42,1.6009
2011-08-23,36.27,85.35,1.6036
2011-08-24,35.9,84.99,1.6039
2011-08-25,39.76,85.15,1.6154
2011-08-26,35.59,85.37,1.6114
2011-08-29,32.28,87.27,1.5974
2011-08-30,32.89,88.9,1.5904
2011-08-31,31.62,88.81,1.5872
2011-09-01,31.82,88.93,1.604
2011-09-02,33.92,86.45,1.6343
2011-09-05,NA,NA,1.6522
2011-09-06,37,85.99,1.6583
2011-09-08,34.32,89.05,1.6566
2011-09-09,38.52,87.24,1.6774
2011-09-12,38.59,88.19,1.6899
2011-09-13,36.91,90.21,1.7127
2011-09-14,34.6,88.91,1.7288
2011-09-15,31.97,89.4,1.7106
2011-09-16,30.98,87.96,1.7122
2011-09-19,32.73,85.7,1.7763
2011-09-20,32.86,86.92,1.787
2011-09-21,37.32,85.77,1.828
2011-09-22,41.35,80.29,1.9016
2011-09-23,41.25,79.58,1.8735
2011-09-26,39.02,79.97,1.8445
2011-09-27,37.71,84.18,1.8008
2011-09-28,41.08,80.94,1.8131
2011-09-29,38.84,81.87,1.8291
2011-09-30,42.96,78.93,1.8544
2011-10-03,45.45,77.34,1.8811
2011-10-04,40.82,75.4,1.8856
2011-10-05,37.81,79.41,1.8456
2011-10-06,36.27,82.32,1.8116
2011-10-07,36.2,82.7,1.7666
2011-10-10,33.02,85.14,1.7478
2011-10-11,32.86,85.54,1.7658
2011-10-13,30.7,83.96,1.7536
2011-10-14,28.24,86.8,1.7376
2011-10-17,33.39,86.38,1.7488
2011-10-18,31.56,88.34,1.7724
2011-10-19,34.44,86.11,1.7604
2011-10-20,34.78,86.07,1.7826
2011-10-21,31.32,87.19,1.7803
2011-10-24,29.26,91.12,1.7768
2011-10-25,32.22,92.98,1.7548
2011-10-26,29.86,90.2,1.7606
2011-10-27,25.46,93.96,1.7323
2011-10-28,24.53,93.32,1.6986
2011-10-31,29.96,93.19,1.6885
2011-11-01,34.77,92.19,1.7506
2011-11-03,30.5,94.07,1.727
2011-11-04,30.16,94.26,1.7415
2011-11-07,29.85,95.52,1.7503
2011-11-08,27.48,96.8,1.7453
2011-11-09,36.16,95.74,1.7516
2011-11-10,32.81,97.78,1.761
2011-11-11,30.04,98.99,1.7547
2011-11-14,31.13,98.14,1.7649
2011-11-16,33.51,102.59,1.7772
2011-11-17,34.51,98.82,1.7775
2011-11-18,32,97.67,1.7723
2011-11-21,32.91,96.73,1.8061
2011-11-22,31.97,97.76,1.8069
2011-11-23,33.98,96.16,1.8441
2011-11-24,NA,NA,1.866
2011-11-25,34.47,96.91,1.8937
2011-11-28,32.13,98.21,1.8596
2011-11-29,30.64,99.79,1.8486
2011-11-30,27.8,100.36,1.8109
2011-12-01,27.41,100.2,1.7929
2011-12-02,27.52,100.97,1.7843
2011-12-05,27.84,100.94,1.783
2011-12-06,28.13,101.25,1.7913
2011-12-07,28.67,100.45,1.798
2011-12-08,30.59,98.35,1.7941
2011-12-09,26.38,99.4,1.813
2011-12-12,25.67,97.77,1.8219
2011-12-13,25.41,100.24,1.8409
2011-12-14,26.04,94.92,1.8728
2011-12-15,25.11,93.84,1.8609
2011-12-16,24.29,93.55,1.8465
2011-12-19,24.92,93.86,1.8616
2011-12-20,23.22,97.16,1.8508
2011-12-21,21.43,98.54,1.8556
2011-12-22,21.16,99.42,1.8578
2011-12-23,20.73,99.72,1.856
2011-12-26,NA,NA,1.8566
2011-12-27,21.91,101.29,1.8585
2011-12-28,23.52,99.44,1.8634
2011-12-29,22.65,99.68,1.8758
2011-12-30,23.4,98.83,1.8758
2012-01-02,NA,NA,1.8683
2012-01-03,22.97,102.96,1.8457
2012-01-04,22.22,103.22,1.8272
2012-01-05,21.48,101.81,1.8371
2012-01-06,20.63,101.56,1.8449
2012-01-09,21.07,101.31,1.8442
2012-01-10,20.69,102.24,1.8042
2012-01-11,21.05,100.89,1.8048
2012-01-12,20.47,99.03,1.7874
2012-01-13,20.91,98.69,1.7853
2012-01-16,NA,NA,1.7836
2012-01-17,22.2,100.7,1.776
2012-01-18,20.89,100.61,1.7791
2012-01-19,19.87,100.32,1.7648
2012-01-20,18.28,98.15,1.767
2012-01-23,18.67,99.47,1.7528
2012-01-24,18.91,98.84,1.7649
2012-01-25,18.31,99.23,1.7632
2012-01-26,18.57,99.76,1.7389
2012-01-27,18.53,99.47,1.7436
2012-01-30,19.4,98.75,1.7509
2012-01-31,19.44,98.46,1.7391
2012-02-01,18.55,97.63,1.7376
2012-02-02,17.98,96.36,1.7326
2012-02-03,17.1,97.8,1.7223
2012-02-06,17.76,96.89,1.7249
2012-02-07,17.65,98.55,1.7261
2012-02-08,18.16,98.8,1.7195
2012-02-09,18.63,99.88,1.7225
2012-02-10,20.79,98.68,1.726
2012-02-13,19.04,100.39,1.7169
2012-02-14,19.54,100.82,1.7173
2012-02-15,21.14,101.82,1.7158
2012-02-16,19.22,102.33,1.7326
2012-02-17,17.78,103.27,1.7136
2012-02-22,18.19,105.99,1.7076
2012-02-23,16.8,107.44,1.704
2012-02-24,17.31,109.39,1.7098
2012-02-27,18.19,108.49,1.7088
2012-02-28,17.96,106.59,1.7024
2012-02-29,18.43,107.08,1.7092
2012-03-01,17.26,108.76,1.7152
2012-03-02,17.29,106.68,1.7245
2012-03-05,18.05,106.7,1.7314
2012-03-06,20.87,104.71,1.7556
2012-03-07,19.07,106.16,1.7692
2012-03-08,17.95,106.65,1.7697
2012-03-09,17.11,107.4,1.7767
2012-03-12,15.64,106.34,1.8157
2012-03-13,14.8,106.7,1.8102
2012-03-14,15.31,105.49,1.8146
2012-03-15,15.42,105.19,1.8006
2012-03-16,14.47,107.03,1.8018
2012-03-19,15.04,108.09,1.809
2012-03-20,15.58,105.68,1.8259
2012-03-21,15.13,106.87,1.8267
2012-03-22,15.57,104.98,1.825
2012-03-23,14.82,106.43,1.8194
2012-03-26,14.26,107.07,1.8143
2012-03-27,15.59,107.32,1.8135
2012-03-28,15.47,105.4,1.8223
2012-03-29,15.48,102.79,1.8334
2012-03-30,15.5,103.03,1.8221
2012-04-02,15.64,105.25,1.8314
2012-04-03,15.66,104.02,1.8256
2012-04-04,16.44,101.53,1.8316
2012-04-05,16.7,103.29,1.8301
2012-04-09,18.81,102.45,1.826
2012-04-10,20.39,101.12,1.8317
2012-04-11,20.02,102.66,1.8303
2012-04-12,17.2,103.69,1.827
2012-04-13,19.55,102.84,1.8364
2012-04-16,19.55,102.92,1.8373
2012-04-17,18.46,104.23,1.8454
2012-04-18,18.64,102.65,1.8694
2012-04-19,18.36,102.38,1.8867
2012-04-20,17.44,103.58,1.8786
2012-04-23,18.97,102.68,1.8864
2012-04-24,18.1,103.1,1.878
2012-04-25,16.82,103.72,1.8807
2012-04-26,16.24,104.56,1.8871
2012-04-27,16.32,104.86,1.8852
2012-04-30,17.15,104.89,1.8918
2012-05-02,16.88,105.25,1.9149
2012-05-03,17.56,102.56,1.9277
2012-05-04,19.16,98.49,1.921
2012-05-07,18.94,97.86,1.9268
2012-05-08,19.05,97.13,1.9366
2012-05-09,20.08,96.8,1.9577
2012-05-10,18.83,97.1,1.9581
2012-05-11,19.89,96.03,1.9513
2012-05-14,21.87,94.75,1.9866
2012-05-15,21.97,93.97,1.9947
2012-05-16,22.27,92.78,1.9974
2012-05-17,24.49,92.53,1.9973
2012-05-18,25.1,91.51,2.0095
2012-05-21,22.01,92.57,2.0374
2012-05-22,22.48,91.44,2.0493
2012-05-23,22.33,89.4,2.0816
2012-05-24,21.54,90.36,2.0384
2012-05-25,21.76,90.64,2.0032
2012-05-28,NA,NA,1.9778
2012-05-29,21.03,90.75,1.9944
2012-05-30,24.14,87.79,2.0078
2012-05-31,24.06,86.52,2.0223
2012-06-01,26.66,83.17,2.035
2012-06-04,26.12,83.95,2.041
2012-06-05,24.68,84.31,2.0266
2012-06-06,22.16,85.05,2.0183
2012-06-08,21.23,84.08,2.0353
2012-06-11,23.56,82.58,2.0348
2012-06-12,22.09,83.35,2.0564
2012-06-13,24.27,82.56,2.0604
2012-06-14,21.68,83.83,2.0691
2012-06-15,21.11,84.03,2.0443
2012-06-18,18.32,83.26,2.0634
2012-06-19,18.38,83.99,2.044
2012-06-20,17.24,81.06,2.0293
2012-06-21,20.08,77.91,2.0363
2012-06-22,18.11,79.33,2.0555
2012-06-25,20.38,78.76,2.0718
2012-06-26,19.72,79.34,2.0743
2012-06-27,19.45,80.27,2.0764
2012-06-28,19.71,77.72,2.0904
2012-06-29,17.08,85.04,2.0213
2012-07-02,16.8,83.72,1.9893
2012-07-03,16.66,87.74,1.9888
2012-07-04,NA,NA,2.0201
2012-07-05,17.5,87.11,2.0292
2012-07-06,17.1,84.37,2.0359
2012-07-09,17.98,85.93,2.0312
2012-07-10,18.72,83.92,2.0332
2012-07-11,17.95,85.88,2.031
2012-07-12,18.33,86.02,2.0471
2012-07-13,16.74,87.15,2.0338
2012-07-16,17.11,88.41,2.038
2012-07-17,16.48,89.07,2.0349
2012-07-18,16.16,89.88,2.0258
2012-07-19,15.45,92.78,2.0239
2012-07-20,16.27,91.56,2.0227
2012-07-23,18.62,87.77,2.0412
2012-07-24,20.47,88.28,2.0418
2012-07-25,19.34,88.8,2.0403
2012-07-26,17.53,89.4,2.0255
2012-07-27,16.7,90.13,2.0173
2012-07-30,18.03,89.8,2.0313
2012-07-31,18.93,88.08,2.0499
2012-08-01,18.96,88.99,2.0432
2012-08-02,17.57,87.22,2.0475
2012-08-03,15.64,91.4,2.0313
2012-08-06,15.95,92.3,2.0279
2012-08-07,15.99,93.68,2.0281
2012-08-08,15.32,93.39,2.0273
2012-08-09,15.28,93.39,2.0182
2012-08-10,14.74,92.94,2.0175
2012-08-13,13.7,92.76,2.0266
2012-08-14,14.85,93.4,2.0258
2012-08-15,14.63,94.35,2.0234
2012-08-16,14.29,95.66,2.0214
2012-08-17,13.45,96,2.0182
2012-08-20,14.02,96.03,2.0209
2012-08-21,15.02,96.55,2.0173
2012-08-22,15.11,96.89,2.021
2012-08-23,15.96,95.87,2.0241
2012-08-24,15.18,95.78,2.0255
2012-08-27,16.35,95.54,2.0293
2012-08-28,16.49,96.3,2.0433
2012-08-29,17.06,95.5,2.0509
2012-08-30,17.83,94.61,2.0513
2012-08-31,17.47,96.47,2.0372
2012-09-03,NA,NA,2.0335
2012-09-04,17.98,95.34,2.0392
2012-09-05,17.74,95.37,2.0385
2012-09-06,15.6,95.58,2.0381
2012-09-10,16.28,96.52,2.0241
2012-09-11,16.41,97.03,2.0197
2012-09-12,15.8,97.02,2.0204
2012-09-13,14.05,98.3,2.0254
2012-09-14,14.51,98.94,2.0139
2012-09-17,14.59,96.51,2.0312
2012-09-18,14.18,95.25,2.0274
2012-09-19,13.88,91.97,2.0236
2012-09-20,14.07,92.14,2.0263
2012-09-21,13.98,92.64,2.024
2012-09-24,14.15,91.68,2.0273
2012-09-25,15.43,91.07,2.0251
2012-09-26,16.81,89.92,2.0341
2012-09-27,14.84,91.89,2.0311
2012-09-28,15.73,92.18,2.0306
2012-10-01,16.32,92.44,2.026
2012-10-02,15.71,91.88,2.0266
2012-10-03,15.43,88.19,2.0266
2012-10-04,14.55,91.69,2.0224
2012-10-05,14.33,89.87,2.0246
2012-10-08,15.11,89.43,2.0313
2012-10-09,16.37,92.42,2.0337
2012-10-10,16.29,91.24,2.0378
2012-10-11,15.59,92.19,2.0369
2012-10-15,15.27,91.84,2.0382
2012-10-16,15.22,92.07,2.0351
2012-10-17,15.07,92.04,2.0336
2012-10-18,15.03,92,2.0295
2012-10-19,17.06,90,2.0272
2012-10-22,16.62,88.3,2.0266
2012-10-23,18.83,86.65,2.0286
2012-10-24,18.33,85.39,2.0263
2012-10-25,18.12,85.59,2.0261
2012-10-26,17.81,85.84,2.0263
2012-10-29,NA,85.52,2.0296
2012-10-30,NA,85.65,2.0323
2012-10-31,18.6,86.23,2.0313
2012-11-01,16.69,87.05,2.0312
2012-11-05,18.42,85.64,2.035
2012-11-06,17.58,88.62,2.0341
2012-11-07,19.08,84.5,2.033
2012-11-08,18.49,85.07,2.0357
2012-11-09,18.61,86.08,2.0512
2012-11-12,16.68,85.56,2.0476
2012-11-13,16.65,85.38,2.0614
2012-11-14,17.92,86.32,2.0629
2012-11-16,16.41,86.62,2.0712
2012-11-19,15.24,89.05,2.0745
2012-11-20,15.08,86.46,2.0835
2012-11-21,15.31,87.08,2.0924
2012-11-22,NA,NA,2.0912
2012-11-23,15.14,87.01,2.0985
2012-11-26,15.5,87.28,2.0787
2012-11-27,15.92,86.81,2.0752
2012-11-28,15.51,86.1,2.0912
2012-11-29,15.06,87.64,2.0991
2012-11-30,15.87,88.54,2.1074
2012-12-03,16.64,88.69,2.1121
2012-12-04,17.12,88.04,2.1077
2012-12-05,16.46,87.36,2.1046
2012-12-06,16.58,85.47,2.0836
2012-12-07,15.9,85.45,2.0804
2012-12-10,16.05,85.14,2.081
2012-12-11,15.57,85.36,2.0743
2012-12-12,15.95,86.35,2.0801
2012-12-13,16.56,85.39,2.0751
2012-12-14,17,86.32,2.084
2012-12-17,16.34,86.71,2.0902
2012-12-18,15.57,87.46,2.0966
2012-12-19,17.36,89.09,2.0791
2012-12-20,17.67,89.76,2.0625
2012-12-21,17.84,88.2,2.0758
2012-12-24,17.84,88.29,2.0774
2012-12-26,19.48,90.71,2.0569
2012-12-27,19.47,90.91,2.0483
2012-12-28,22.72,90.66,2.0435
2012-12-31,18.02,91.83,2.0435
2013-01-02,14.68,93.14,2.0415
2013-01-03,14.56,92.97,2.0464
2013-01-04,13.83,93.12,2.0425
2013-01-07,13.79,93.2,2.0312
2013-01-08,13.62,93.21,2.0286
2013-01-09,13.81,93.08,2.0417
2013-01-10,13.49,93.81,2.0358
2013-01-11,13.36,93.6,2.0341
2013-01-14,13.52,94.27,2.0334
2013-01-15,13.55,93.26,2.0374
2013-01-16,13.42,94.28,2.0409
2013-01-17,13.57,95.49,2.0411
2013-01-18,12.46,95.61,2.0441
2013-01-21,NA,NA,2.042
2013-01-22,12.43,96.09,2.0471
2013-01-23,12.46,95.06,2.0394
2013-01-24,12.69,95.35,2.0344
2013-01-25,12.89,95.15,2.0285
2013-01-28,13.57,95.95,2.0241
2013-01-29,13.31,97.62,1.9912
2013-01-30,14.32,97.98,1.99
2013-01-31,14.28,97.65,1.9883
2013-02-01,12.9,97.46,1.9843
2013-02-04,14.67,96.21,1.9893
2013-02-05,13.72,96.68,1.9881
2013-02-06,13.41,96.44,1.9884
2013-02-07,13.5,95.84,1.9789
2013-02-08,13.02,95.71,1.9636
2013-02-13,12.98,97.03,1.967
2013-02-14,12.66,97.3,1.9666
2013-02-15,12.46,95.95,1.96
2013-02-18,NA,NA,1.9676
2013-02-19,12.31,96.69,1.9597
2013-02-20,14.68,94.92,1.957
2013-02-21,15.22,92.79,1.972
2013-02-22,14.17,93.12,1.9705
2013-02-25,18.99,92.74,1.9676
2013-02-26,16.87,92.63,1.9818
2013-02-27,14.73,92.84,1.9807
2013-02-28,15.51,92.03,1.9754
2013-03-01,15.36,90.71,1.9848
2013-03-04,14.01,90.13,1.9827
2013-03-05,13.48,90.88,1.9693
2013-03-06,13.53,90.47,1.9673
2013-03-07,13.06,91.53,1.9642
2013-03-08,12.59,92.01,1.9528
2013-03-11,11.56,92.07,1.9552
2013-03-12,12.27,92.44,1.9585
2013-03-13,11.83,92.47,1.9619
2013-03-14,11.3,93.03,1.9676
2013-03-15,11.3,93.49,1.9749
2013-03-18,13.36,93.71,1.9871
2013-03-19,14.39,92.44,1.983
2013-03-20,12.67,93.21,1.9868
2013-03-21,13.99,92.46,1.9931
2013-03-22,13.57,93.41,2.0126
2013-03-25,13.74,94.55,2.014
2013-03-26,12.77,95.99,2.0087
2013-03-27,13.15,96.53,2.0185
2013-03-28,12.7,97.24,2.0138
2013-04-01,13.58,97.1,2.0186
2013-04-02,12.78,97.23,2.0179
2013-04-03,14.21,95.02,2.0239
2013-04-04,13.89,93.26,2.0201
2013-04-05,13.92,92.76,2.0035
2013-04-08,13.19,93.36,1.9902
2013-04-09,12.84,94.18,1.9861
2013-04-10,12.36,94.59,1.981
2013-04-11,12.24,93.44,1.9736
2013-04-12,12.06,91.23,1.9761
2013-04-15,17.27,88.75,1.979
2013-04-16,13.96,88.73,1.9903
2013-04-17,16.51,86.65,1.9939
2013-04-18,17.56,87.83,2.0152
2013-04-19,14.97,88.04,2.0089
2013-04-22,14.39,88.81,2.0154
2013-04-23,13.48,89.21,2.017
2013-04-24,13.61,91.07,2.0244
2013-04-25,13.62,93.27,2.0119
2013-04-26,13.61,92.63,2.0001
2013-04-29,13.71,94.09,1.9999
2013-04-30,13.52,93.22,2.0017
2013-05-02,13.59,93.7,2.0095
2013-05-03,12.85,95.25,2.0093
2013-05-06,12.66,95.8,2.0143
2013-05-07,12.83,95.28,2.011
2013-05-08,12.66,96.24,2.003
2013-05-09,13.13,96.09,2.0051
2013-05-10,12.59,95.81,2.0231
2013-05-13,12.55,94.76,2.015
2013-05-14,12.77,93.96,2.0063
2013-05-15,12.81,93.95,2.0233
2013-05-16,13.07,94.85,2.0254
2013-05-17,12.45,95.72,2.0354
2013-05-20,13.02,96.29,2.0333
2013-05-21,13.37,95.55,2.0402
2013-05-22,13.82,93.98,2.0387
2013-05-23,14.07,94.12,2.0537
2013-05-24,13.99,93.84,2.0495
2013-05-27,NA,NA,2.0527
2013-05-28,14.48,94.65,2.0616
2013-05-29,14.83,93.13,2.0894
2013-05-31,16.3,91.93,2.1319
2013-06-03,16.28,93.41,2.1355
2013-06-04,16.27,93.36,2.1282
2013-06-05,17.5,93.66,2.1235
2013-06-06,16.63,94.71,2.125
2013-06-07,15.14,96.11,2.1372
2013-06-10,15.44,95.82,2.1506
2013-06-11,17.07,95.5,2.1521
2013-06-12,18.59,95.98,2.142
2013-06-13,16.41,96.66,2.1447
2013-06-14,17.15,97.83,2.1367
2013-06-17,16.8,97.86,2.1538
2013-06-18,16.61,98.46,2.1706
2013-06-19,16.64,98.24,2.1744
2013-06-20,20.49,94.89,2.2523
2013-06-21,18.9,93.81,2.2648
2013-06-24,20.11,95.07,2.2515
2013-06-25,18.47,95.25,2.2185
2013-06-26,17.21,95.47,2.1975
2013-06-27,16.86,97,2.1846
2013-06-28,16.86,96.36,2.2156
2013-07-01,16.37,97.94,2.2297
2013-07-02,16.44,99.65,2.2412
2013-07-03,16.2,101.92,2.2634
2013-07-04,NA,NA,2.2595
2013-07-05,14.89,103.09,2.2645
2013-07-08,14.78,103.03,2.2583
2013-07-09,14.35,103.46,2.2628
2013-07-10,14.21,106.41,2.2697
2013-07-11,14.01,104.77,2.2672
2013-07-12,13.84,105.85,2.267
2013-07-15,13.79,106.2,2.2548
2013-07-16,14.42,105.88,2.2353
2013-07-17,13.78,106.39,2.2372
2013-07-18,13.77,107.94,2.2297
2013-07-19,12.54,108,2.2364
2013-07-22,12.29,106.61,2.2386
2013-07-23,12.66,107.13,2.2267
2013-07-24,13.18,105.41,2.2348
2013-07-25,12.97,105.47,2.2497
2013-07-26,12.72,104.76,2.2488
2013-07-29,13.39,104.61,2.2609
2013-07-30,13.39,103.14,2.2734
2013-07-31,13.45,105.1,2.2903
2013-08-01,12.94,107.93,2.2914
2013-08-02,11.98,106.94,2.2933
2013-08-05,11.84,106.61,2.301
2013-08-06,12.72,105.32,2.2955
2013-08-07,12.98,104.41,2.3028
2013-08-08,12.73,103.45,2.2882
2013-08-09,13.41,106.04,2.2748
2013-08-12,12.81,106.19,2.2722
2013-08-13,12.31,106.78,2.3035
2013-08-14,13.04,106.89,2.3118
2013-08-15,14.73,107.43,2.3434
2013-08-16,14.37,107.58,2.3565
2013-08-19,15.1,107.14,2.398
2013-08-20,14.91,104.9,2.3943
2013-08-21,15.94,103.93,2.4169
2013-08-22,14.76,104.93,2.4457
2013-08-23,13.98,106.48,2.3868
2013-08-26,14.99,105.88,2.3705
2013-08-27,16.77,109.11,2.3998
2013-08-28,16.49,110.17,2.3515
2013-08-29,16.81,108.51,2.3578
2013-08-30,17.01,107.98,2.3725
2013-09-02,NA,NA,2.3643
2013-09-03,16.61,108.67,2.3897
2013-09-04,15.88,107.29,2.3538
2013-09-05,15.77,108.5,2.3314
2013-09-06,15.85,110.62,2.2979
2013-09-09,15.63,109.62,2.2868
2013-09-10,14.53,107.48,2.2779
2013-09-11,13.82,107.65,2.2947
2013-09-12,14.29,108.72,2.2769
2013-09-13,14.16,108.31,2.2785
2013-09-16,14.38,106.54,2.2649
2013-09-17,14.53,105.36,2.2617
2013-09-18,13.59,108.23,2.2489
2013-09-19,13.16,106.26,2.2036
2013-09-20,13.12,104.7,2.2053
2013-09-23,14.31,103.62,2.2033
2013-09-24,14.08,103.22,2.2031
2013-09-25,14.01,102.68,2.2224
2013-09-26,14.06,103.1,2.2285
2013-09-27,15.46,102.86,2.2571
2013-09-30,16.6,102.36,2.23
2013-10-01,15.54,102.09,2.2123
2013-10-02,16.6,104.15,2.2088
2013-10-03,17.67,103.29,2.2069
2013-10-04,16.74,103.83,2.2051
2013-10-07,19.41,103.07,2.2087
2013-10-08,20.34,103.54,2.2016
2013-10-09,19.6,101.63,2.2054
2013-10-10,16.48,103.08,2.185
2013-10-11,15.72,102.17,2.1821
2013-10-14,16.07,102.46,2.1817
2013-10-15,18.66,101.15,2.1818
2013-10-16,14.71,102.34,2.1629
2013-10-17,13.48,100.72,2.1611
2013-10-18,13.04,100.87,2.1616
2013-10-21,13.16,99.28,2.1738
2013-10-22,13.33,97.63,2.176
2013-10-23,13.42,96.9,2.1826
2013-10-24,13.2,96.65,2.2003
2013-10-25,13.09,97.4,2.1848
2013-10-28,13.31,98.74,2.1846
2013-10-29,13.41,98.29,2.1804
2013-10-30,13.65,96.81,2.1888
2013-10-31,13.75,96.29,2.2026
2013-11-01,13.28,94.56,2.2468
2013-11-04,12.93,94.58,2.2426
2013-11-05,13.27,93.4,2.2747
2013-11-06,12.67,94.74,2.2785
2013-11-07,13.91,94.25,2.2825
2013-11-08,12.9,94.56,2.317
2013-11-11,12.53,95.13,2.3142
2013-11-12,12.82,93.12,2.3362
2013-11-13,12.52,93.91,2.3234
2013-11-14,12.37,93.76,2.3289
2013-11-18,13.1,93.03,2.2828
2013-11-19,13.39,93.35,2.2662
2013-11-20,13.4,93.34,2.2726
2013-11-21,12.66,95.35,2.3067
2013-11-22,12.26,94.53,2.2913
2013-11-25,12.79,93.86,2.2871
2013-11-26,12.81,93.41,2.304
2013-11-27,12.98,92.05,2.3058
2013-11-28,NA,NA,2.3208
2013-11-29,13.7,92.55,2.3249
2013-12-02,14.23,93.61,2.3449
2013-12-03,14.55,95.83,2.3558
2013-12-04,14.7,96.97,2.374
2013-12-05,15.08,97.14,2.3747
2013-12-06,13.79,97.48,2.3525
2013-12-09,13.49,97.1,2.3225
2013-12-10,13.91,98.32,2.3102
2013-12-11,15.42,97.25,2.3262
2013-12-12,15.54,97.21,2.3338
2013-12-13,15.76,96.27,2.3354
2013-12-16,16.03,97.18,2.3255
2013-12-17,16.21,96.99,2.3221
2013-12-18,13.8,97.59,2.3274
2013-12-19,14.15,98.4,2.3528
2013-12-20,13.79,99.11,2.3817
2013-12-23,13.04,98.62,2.3706
2013-12-24,12.48,98.87,2.3554
2013-12-26,12.33,99.18,2.3507
2013-12-27,12.46,99.94,2.3538
2013-12-30,13.56,98.9,2.3426
2013-12-31,13.72,98.17,2.3426
2014-01-02,14.23,95.14,2.3975
2014-01-03,13.76,93.66,2.3741
2014-01-06,13.55,93.12,2.3789
2014-01-07,12.92,93.31,2.3634
2014-01-08,12.87,91.9,2.3779
2014-01-09,12.89,91.36,2.396
2014-01-10,12.14,92.39,2.3819
2014-01-13,13.28,91.45,2.3491
2014-01-14,12.28,92.15,2.3617
2014-01-15,12.28,93.78,2.347
2014-01-16,12.53,93.54,2.3683
2014-01-17,12.44,93.96,2.3601
2014-01-20,NA,NA,2.3335
2014-01-21,12.87,94.51,2.3608
2014-01-22,12.84,96.35,2.3601
2014-01-23,13.77,97.23,2.3761
2014-01-24,18.14,96.66,2.4129
2014-01-27,17.42,95.82,2.4044
2014-01-28,15.8,97.49,2.4165
2014-01-29,17.35,97.34,2.4397
2014-01-30,17.29,98.25,2.4224
2014-01-31,18.41,97.55,2.4263
2014-02-03,21.44,96.44,2.409
2014-02-04,19.11,97.24,2.4177
2014-02-05,19.95,97.4,2.4106
2014-02-06,17.23,97.84,2.4041
2014-02-07,15.29,99.98,2.3817
2014-02-10,15.26,100.12,2.3936
2014-02-11,14.51,99.96,2.4076
2014-02-12,14.3,100.38,2.4086
2014-02-13,14.14,100.27,2.4238
2014-02-14,13.57,100.31,2.3924
2014-02-17,NA,NA,2.387
2014-02-18,13.87,102.54,2.3983
2014-02-19,15.5,103.46,2.3986
2014-02-20,14.79,103.2,2.3799
2014-02-21,14.68,102.53,2.3625
2014-02-24,14.23,103.17,2.3391
2014-02-25,13.67,102.2,2.3367
2014-02-26,14.35,102.93,2.3454
2014-02-27,14.04,102.68,2.3436
2014-02-28,14,102.88,2.3334
2014-03-05,13.89,101.75,2.324
2014-03-06,14.21,101.82,2.3094
2014-03-07,14.11,102.82,2.3382
2014-03-10,14.2,101.39,2.341
2014-03-11,14.8,100.29,2.3461
2014-03-12,14.47,98.29,2.3649
2014-03-13,16.22,98.57,2.3486
2014-03-14,17.82,99.23,2.3638
2014-03-17,15.64,98.43,2.3518
2014-03-18,14.52,100.08,2.3522
2014-03-19,15.12,100.71,2.3338
2014-03-20,14.52,99.68,2.342
2014-03-21,15,99.97,2.3245
2014-03-24,15.09,100.05,2.3248
2014-03-25,14.02,99.66,2.3124
2014-03-26,14.93,100.61,2.3119
2014-03-27,14.62,101.25,2.283
2014-03-28,14.41,101.73,2.2603
2014-03-31,13.88,101.57,2.263
2014-04-01,13.1,99.69,2.262
2014-04-02,13.09,99.6,2.2711
2014-04-03,13.37,100.29,2.2811
2014-04-04,13.96,101.16,2.242
2014-04-07,15.57,100.43,2.2326
2014-04-08,14.89,102.57,2.1974
2014-04-09,13.82,103.55,2.2111
2014-04-10,15.89,103.37,2.1987
2014-04-11,17.03,103.68,2.2059
2014-04-14,16.11,104.05,2.2096
2014-04-15,15.61,103.7,2.2257
2014-04-16,14.18,103.71,2.2342
2014-04-17,13.36,104.33,2.2482
2014-04-22,13.19,101.69,2.2449
2014-04-23,13.27,101.47,2.2426
2014-04-24,13.32,102.2,2.2229
2014-04-25,14.06,100.85,2.2325
2014-04-28,13.97,101.13,2.237
2014-04-29,13.71,101.56,2.2199
2014-04-30,13.41,100.07,2.236
2014-05-02,12.91,100.09,2.2221
2014-05-05,13.29,99.74,2.2286
2014-05-06,13.8,99.81,2.2322
2014-05-07,13.4,101.06,2.2282
2014-05-08,13.43,100.52,2.2107
2014-05-09,12.92,100.32,2.2192
2014-05-12,12.23,100.89,2.2164
2014-05-13,12.13,102.01,2.2101
2014-05-14,12.17,102.63,2.2129
2014-05-15,13.17,101.74,2.2166
2014-05-16,12.44,102.31,2.211
2014-05-19,12.42,102.95,2.2111
2014-05-20,12.96,102.8,2.2156
2014-05-21,11.91,104.31,2.2111
2014-05-22,12.03,104.03,2.2131
2014-05-23,11.36,105.01,2.2187
2014-05-26,NA,NA,2.2209
2014-05-27,11.51,104.78,2.2354
2014-05-28,11.68,103.37,2.2405
2014-05-29,11.57,104.26,2.2251
2014-05-30,11.4,103.4,2.239
2014-06-02,11.58,103.07,2.264
2014-06-03,11.87,103.34,2.2654
2014-06-04,12.08,103.27,2.2802
2014-06-05,11.68,103.17,2.2695
2014-06-06,10.73,103.32,2.2445
2014-06-09,11.15,105.09,2.2336
2014-06-10,10.99,105.02,2.2296
2014-06-11,11.6,105.04,2.2307
2014-06-12,12.56,107.2,2.2306
2014-06-13,12.18,107.49,2.2347
2014-06-16,12.65,107.52,2.2313
2014-06-17,12.06,106.95,2.2486
2014-06-18,10.61,106.64,2.2534
2014-06-20,10.85,107.95,2.238
2014-06-23,10.98,106.83,2.2195
2014-06-24,12.13,106.64,2.2217
2014-06-25,11.59,107.04,2.2052
2014-06-26,11.63,106.49,2.2089
2014-06-27,11.26,106.46,2.1975
2014-06-30,11.57,106.07,2.2025
2014-07-01,11.15,106.06,2.2054
2014-07-02,10.82,105.18,2.2134
2014-07-03,10.32,104.76,2.2281
2014-07-04,NA,NA,2.2149
2014-07-07,11.33,104.19,2.2201
2014-07-08,11.98,104.06,2.215
2014-07-09,11.65,102.93,2.2139
2014-07-10,12.59,103.61,2.2237
2014-07-11,12.08,101.48,2.2228
2014-07-14,11.82,101.73,2.2176
2014-07-15,11.96,100.56,2.2195
2014-07-16,11,101.88,2.2193
2014-07-17,14.54,103.84,2.2403
2014-07-18,12.06,103.83,2.2362
2014-07-21,12.81,105.34,2.2238
2014-07-22,12.24,104.59,2.2129
2014-07-23,11.52,103.81,2.2202
2014-07-24,11.84,102.76,2.2204
2014-07-25,12.69,105.23,2.2293
2014-07-28,12.56,105.68,2.2302
2014-07-29,13.28,104.91,2.2278
2014-07-30,13.33,104.29,2.2447
2014-07-31,16.95,98.23,2.2674
2014-08-01,17.03,97.86,2.2607
2014-08-04,15.12,98.26,2.2577
2014-08-05,16.87,97.34,2.2756
2014-08-06,16.37,96.93,2.279
2014-08-07,16.66,97.34,2.2802
2014-08-08,15.77,97.61,2.2986
2014-08-11,14.23,98.09,2.2779
2014-08-12,14.13,97.36,2.277
2014-08-13,12.9,97.57,2.2692
2014-08-14,12.42,95.54,2.2703
2014-08-15,13.15,97.3,2.269
2014-08-18,12.32,96.44,2.2595
2014-08-19,12.21,94.35,2.2587
2014-08-20,11.78,96.4,2.255
2014-08-21,11.76,93.97,2.2582
2014-08-22,11.47,93.61,2.2778
2014-08-25,11.7,95.39,2.2808
2014-08-26,11.63,95.78,2.2748
2014-08-27,11.78,95.82,2.2591
2014-08-28,12.05,96.44,2.2499
2014-08-29,11.98,97.86,2.2396
2014-09-01,NA,NA,2.2364
2014-09-02,12.25,92.92,2.2521
2014-09-03,12.36,95.5,2.2319
2014-09-04,12.64,94.51,2.2356
2014-09-05,12.09,93.32,2.2416
2014-09-08,12.66,92.64,2.2491
2014-09-09,13.5,92.73,2.2813
2014-09-10,12.88,91.71,2.2967
2014-09-11,12.8,92.89,2.288
2014-09-12,13.31,92.18,2.3251
2014-09-15,14.12,92.86,2.3401
2014-09-16,12.73,94.91,2.3351
2014-09-17,12.65,94.33,2.3384
2014-09-18,12.03,93.07,2.3668
2014-09-19,12.11,92.43,2.3656
2014-09-22,13.69,91.46,2.387
2014-09-23,14.93,91.55,2.4026
2014-09-24,13.27,93.6,2.407
2014-09-25,15.64,93.59,2.4085
2014-09-26,14.85,95.55,2.431
2014-09-29,15.98,94.53,2.4522
2014-09-30,16.31,91.17,2.451
2014-10-01,16.71,90.74,2.4623
2014-10-02,16.16,91.02,2.4785
2014-10-03,14.55,89.76,2.4932
2014-10-06,15.46,90.33,2.4098
2014-10-07,17.2,88.89,2.4038
2014-10-08,15.11,87.29,2.4072
2014-10-09,18.76,85.76,2.3914
2014-10-10,21.24,85.87,2.4103
2014-10-13,24.64,85.73,2.3923
2014-10-14,22.79,81.72,2.3991
2014-10-15,26.25,81.82,2.4316
2014-10-16,25.2,82.33,2.477
2014-10-17,21.99,82.8,2.4477
2014-10-20,18.57,82.76,2.4554
2014-10-21,16.08,83.25,2.4797
2014-10-22,17.87,80.52,2.4781
2014-10-23,16.53,82.81,2.5004
2014-10-24,16.11,81.27,2.4805
2014-10-27,16.04,81.26,2.5341
2014-10-28,14.39,81.36,2.4869
2014-10-29,15.15,82.25,2.4346
2014-10-30,14.52,81.06,2.4119
2014-10-31,14.03,80.53,2.4442
2014-11-03,14.73,78.77,2.4839
2014-11-04,14.89,77.15,2.5195
2014-11-05,14.17,78.71,2.5168
2014-11-06,13.67,77.87,2.5325
2014-11-07,13.12,78.71,2.5721
2014-11-10,12.67,77.43,2.539
2014-11-11,12.92,77.85,2.5644
2014-11-12,13.02,77.16,2.555
2014-11-13,13.79,74.13,2.5725
2014-11-14,13.31,75.91,2.6136
2014-11-17,13.99,75.64,2.6035
2014-11-18,13.86,74.55,2.5967
2014-11-19,13.96,74.55,2.5849
2014-11-20,13.58,75.63,2.545
2014-11-21,12.9,76.52,2.5391
2014-11-24,12.62,75.74,2.5282
2014-11-25,12.25,74.04,2.5237
2014-11-26,12.07,73.7,2.5103
2014-11-27,NA,NA,2.5065
2014-11-28,13.33,65.94,2.5601
2014-12-01,14.29,68.98,2.5624
2014-12-02,12.85,66.99,2.5664
2014-12-03,12.47,67.3,2.5607
2014-12-04,12.38,66.73,2.5797
2014-12-05,11.82,65.89,2.5888
2014-12-08,14.21,63.13,2.5923
2014-12-09,14.89,63.74,2.6016
2014-12-10,18.53,60.99,2.5931
2014-12-11,20.08,60.01,2.6271
2014-12-12,21.08,57.81,2.6558
2014-12-15,20.42,55.96,2.6717
2014-12-16,23.57,55.97,2.7403
2014-12-17,19.44,56.43,2.7246
2014-12-18,16.81,54.18,2.6676
2014-12-19,16.49,56.91,2.6486
2014-12-22,15.25,55.25,2.6527
2014-12-23,14.8,56.78,2.6775
2014-12-24,14.37,55.7,2.6832
2014-12-26,14.5,54.59,2.6812
2014-12-29,15.06,53.46,2.6783
2014-12-30,15.92,54.14,2.6562
2014-12-31,19.2,53.45,2.6562
2015-01-02,17.79,52.72,2.6929
2015-01-05,19.92,50.05,2.7107
2015-01-06,21.12,47.98,2.7023
2015-01-07,19.31,48.69,2.6807
2015-01-08,17.01,48.8,2.6919
2015-01-09,17.55,48.35,2.6583
2015-01-12,19.6,46.06,2.6575
2015-01-13,20.56,45.92,2.6485
2015-01-14,21.48,48.49,2.6222
2015-01-15,22.39,46.37,2.6122
2015-01-16,20.95,48.49,2.6193
2015-01-19,NA,NA,2.6243
2015-01-20,19.89,46.79,2.6247
2015-01-21,18.85,47.85,2.5968
2015-01-22,16.4,45.93,2.5754
2015-01-23,16.66,45.26,2.5856
2015-01-26,15.52,44.8,2.5966
2015-01-27,17.22,45.84,2.5809
2015-01-28,20.44,44.08,2.5797
2015-01-29,18.76,44.12,2.596
2015-01-30,20.97,47.79,2.6623
2015-02-02,19.43,49.25,2.6894
2015-02-03,17.33,53.04,2.7059
2015-02-04,18.33,48.45,2.7148
2015-02-05,16.85,50.48,2.7386
2015-02-06,17.29,51.66,2.7641
2015-02-09,18.55,52.99,2.7873
2015-02-10,17.23,50.06,2.8075
2015-02-11,16.96,48.8,2.8576
2015-02-12,15.34,51.17,2.8625
2015-02-13,14.69,52.66,2.8392
2015-02-18,15.45,52.13,2.843
2015-02-19,15.29,51.12,2.8545
2015-02-20,14.3,49.95,2.8701
2015-02-23,14.56,49.56,2.8811
2015-02-24,13.69,48.48,2.8649
2015-02-25,13.84,50.25,2.8646
2015-02-26,13.91,47.65,2.8728
2015-02-27,13.34,49.84,2.8782
2015-03-02,13.04,49.59,2.8655
2015-03-03,13.86,50.43,2.9051
2015-03-04,14.23,51.53,2.9804
2015-03-05,14.04,50.76,2.9931
2015-03-06,15.2,49.61,3.0366
2015-03-09,15.06,49.95,3.1018
2015-03-10,16.69,48.42,3.1299
2015-03-11,16.87,48.06,3.1162
2015-03-12,15.42,47.12,3.1171
2015-03-13,16,44.88,3.2264
2015-03-16,15.61,43.93,3.2257
2015-03-17,15.66,43.39,3.2683
2015-03-18,13.97,44.63,3.2518
2015-03-19,14.07,44.02,3.2642
2015-03-20,13.02,46,3.2423
2015-03-23,13.41,47.4,3.18
2015-03-24,13.62,47.03,3.131
2015-03-25,15.44,48.75,3.1476
2015-03-26,15.8,51.41,3.1915
2015-03-27,15.07,48.83,3.2259
2015-03-30,14.51,48.66,3.2601
2015-03-31,15.29,47.72,3.208
2015-04-01,15.11,50.12,3.1556
2015-04-02,14.67,49.13,3.1492
2015-04-06,14.74,52.08,3.0926
2015-04-07,14.78,53.95,3.1231
2015-04-08,13.98,50.44,3.0834
2015-04-09,13.09,50.79,3.0466
2015-04-10,12.58,51.63,3.0796
2015-04-13,13.94,51.95,3.1011
2015-04-14,13.67,53.3,3.088
2015-04-15,12.84,56.25,3.0681
2015-04-16,12.6,56.69,3.0249
2015-04-17,13.89,55.71,3.0544
2015-04-20,13.3,56.37,3.0473
2015-04-22,12.71,56.17,3.0186
2015-04-23,12.48,56.59,3.0084
2015-04-24,12.29,55.98,2.9745
2015-04-27,13.12,55.56,2.9236
2015-04-28,12.41,57.05,2.8943
2015-04-29,13.39,58.55,2.9375
2015-04-30,14.55,59.62,2.9936
2015-05-04,12.85,58.92,3.0754
2015-05-05,14.31,60.38,3.0626
2015-05-06,15.15,60.93,3.042
2015-05-07,15.13,58.99,3.0421
2015-05-08,12.86,59.41,2.9966
2015-05-11,13.85,59.23,3.0175
2015-05-12,13.86,60.72,3.0389
2015-05-13,13.76,60.5,3.0103
2015-05-14,12.74,59.89,3.0032
2015-05-15,12.38,59.73,2.9894
2015-05-18,12.73,59.44,3.0145
2015-05-19,12.85,57.3,3.0284
2015-05-20,12.88,58.96,3.0347
2015-05-21,12.11,60.18,3.0295
2015-05-22,12.13,58.88,3.0653
2015-05-25,NA,NA,3.1212
2015-05-26,14.06,57.29,3.1351
2015-05-27,13.27,57.51,3.174
2015-05-28,13.31,57.69,3.1748
2015-05-29,13.84,60.25,3.1788
2015-06-01,13.97,60.24,3.1789
2015-06-02,14.24,61.3,3.1443
2015-06-03,13.66,59.67,3.1184
2015-06-05,14.21,59.11,3.1684
2015-06-08,15.29,58.15,3.119
2015-06-09,14.47,60.15,3.0991
2015-06-10,13.22,61.36,3.0843
2015-06-11,12.85,60.74,3.1514
2015-06-12,13.78,59.96,3.1107
2015-06-15,15.39,59.53,3.1036
2015-06-16,14.81,60.01,3.1082
2015-06-17,14.5,59.89,3.0989
2015-06-18,13.19,60.41,3.0472
2015-06-19,13.96,59.62,3.0788
2015-06-22,12.74,60.01,3.0757
2015-06-23,12.11,61.05,3.1042
2015-06-24,13.26,60.01,3.0852
2015-06-25,14.01,59.59,3.1015
2015-06-26,14.02,59.41,3.1271
2015-06-29,18.85,58.34,3.139
2015-06-30,18.23,59.48,3.1026
2015-07-01,16.09,56.94,3.1191
2015-07-02,16.79,56.93,3.1173
2015-07-03,NA,NA,3.1271
2015-07-06,17.01,52.48,3.1431
2015-07-07,16.09,52.33,3.1809
2015-07-08,19.66,51.61,3.2282
2015-07-09,19.97,52.76,3.2163
2015-07-10,16.83,52.74,3.1897
2015-07-13,13.9,52.19,3.1594
2015-07-14,13.37,53.05,3.123
2015-07-15,13.23,51.4,3.1532
2015-07-16,12.11,50.9,3.1375
2015-07-17,11.95,50.88,3.1832
2015-07-20,12.25,50.11,3.2149
2015-07-21,12.22,50.59,3.1813
2015-07-22,12.12,49.27,3.2094
2015-07-23,12.64,48.11,3.285
2015-07-24,13.74,47.98,3.3254
2015-07-27,15.6,47.17,3.3557
2015-07-28,13.44,47.97,3.3815
2015-07-29,12.5,48.77,3.3419
2015-07-30,12.13,48.53,3.3652
2015-07-31,12.12,47.11,3.394
2015-08-03,12.56,45.25,3.4425
2015-08-04,13,45.75,3.4675
2015-08-05,12.51,45.13,3.4851
2015-08-06,13.77,44.69,3.5347
2015-08-07,13.39,43.87,3.5181
2015-08-10,12.23,44.94,3.4909
2015-08-11,13.71,43.11,3.4925
2015-08-12,13.61,43.22,3.4826
2015-08-13,13.49,42.27,3.5074
2015-08-14,12.83,42.45,3.4761
2015-08-17,13.02,41.93,3.4746
2015-08-18,13.79,42.58,3.4811
2015-08-19,15.25,40.75,3.4849
2015-08-20,19.14,41,3.4751
2015-08-21,28.03,40.45,3.4896
2015-08-24,40.74,38.22,3.5494
2015-08-25,36.02,39.15,3.5345
2015-08-26,30.32,38.5,3.6326
2015-08-27,26.1,42.47,3.5555
2015-08-28,26.05,45.29,3.579
2015-08-31,28.43,49.2,3.6467
2015-09-01,31.4,45.38,3.6725
2015-09-02,26.09,46.3,3.7314
2015-09-03,25.61,46.75,3.776
2015-09-04,27.8,46.02,3.7986
2015-09-08,24.9,45.92,3.8028
2015-09-09,26.23,44.13,3.787
2015-09-10,24.37,45.85,3.8698
2015-09-11,23.2,44.75,3.8698
2015-09-14,24.25,44.07,3.8653
2015-09-15,22.54,44.58,3.8599
2015-09-16,21.35,47.12,3.8368
2015-09-17,21.14,46.93,3.8921
2015-09-18,22.28,44.71,3.9021
2015-09-21,20.14,46.67,3.9821
2015-09-22,22.44,46.17,4.0425
2015-09-23,22.13,44.53,4.1041
2015-09-24,23.47,44.94,4.1949
2015-09-25,23.62,45.55,3.9479
2015-09-28,27.63,44.4,4.0099
2015-09-29,26.83,45.24,4.1172
2015-09-30,24.5,45.06,3.9729
2015-10-01,22.55,44.75,3.9794
2015-10-02,20.94,45.54,4.001
2015-10-05,19.54,46.28,3.9141
2015-10-06,19.4,48.53,3.8567
2015-10-07,18.4,47.86,3.806
2015-10-08,17.42,49.46,3.8517
2015-10-09,17.08,49.67,3.7386
2015-10-13,17.67,46.7,3.825
2015-10-14,18.03,46.63,3.8507
2015-10-15,16.05,46.38,3.8344
2015-10-16,15.05,47.3,3.8438
2015-10-19,14.98,45.91,3.9015
2015-10-20,15.75,45.84,3.8656
2015-10-21,16.7,45.22,3.9386
2015-10-22,14.45,44.9,3.936
2015-10-23,14.46,43.91,3.8988
2015-10-26,15.29,43.19,3.8582
2015-10-27,15.43,43.21,3.9114
2015-10-28,14.33,45.93,3.8797
2015-10-29,14.61,46.02,3.9328
2015-10-30,15.07,46.6,3.8589
2015-11-03,14.54,47.88,3.8126
2015-11-04,15.51,46.32,3.7687
2015-11-05,15.05,45.27,3.7893
2015-11-06,14.33,44.32,3.8059
2015-11-09,16.52,43.87,3.7928
2015-11-10,15.29,44.23,3.7981
2015-11-11,16.06,42.95,3.7327
2015-11-12,18.37,41.74,3.7996
2015-11-13,20.08,40.69,3.8023
2015-11-16,18.16,41.68,3.8336
2015-11-17,18.84,40.73,3.8052
2015-11-18,16.85,40.75,3.7921
2015-11-19,16.99,40.55,3.7442
2015-11-20,15.47,39.39,3.701
2015-11-23,15.62,39.27,3.7231
2015-11-24,15.93,40.89,3.7081
2015-11-25,15.19,41.22,3.7688
2015-11-26,NA,NA,3.7606
2015-11-27,15.12,40.57,3.7399
2015-11-30,16.13,40.43,3.8506
2015-12-01,14.67,40.58,3.8745
2015-12-02,15.91,39.93,3.8545
2015-12-03,18.11,41.08,3.797
2015-12-04,14.81,40,3.7575
2015-12-07,15.84,37.64,3.7476
2015-12-08,17.6,37.46,3.7921
2015-12-09,19.61,37.16,3.758
2015-12-10,19.34,36.76,3.7685
2015-12-11,24.39,35.65,3.8548
2015-12-14,22.73,36.31,3.9023
2015-12-15,20.95,37.32,3.8703
2015-12-16,17.86,35.55,3.9357
2015-12-17,18.94,34.98,3.8929
2015-12-18,20.7,34.72,3.9062
2015-12-21,18.7,34.55,3.9831
2015-12-22,16.6,36.12,3.977
2015-12-23,15.57,36.76,3.9632
2015-12-24,15.74,37.62,3.9524
2015-12-28,16.91,36.36,3.9186
2015-12-29,16.08,37.88,3.8492
2015-12-30,17.29,36.59,3.9048
2015-12-31,18.21,37.13,3.9048
2016-01-04,20.7,36.81,4.0387
2016-01-05,19.34,35.97,4.0114
2016-01-06,20.59,33.97,4.0303
2016-01-07,24.99,33.29,4.0475
2016-01-08,27.01,33.2,4.025
2016-01-11,24.3,31.42,4.0153
2016-01-12,22.47,30.42,4.0299
2016-01-13,25.22,30.42,3.9863
2016-01-14,23.95,31.22,4.0223
2016-01-15,27.02,29.45,4.0402
2016-01-18,NA,NA,4.0364
2016-01-19,26.05,28.47,4.0303
2016-01-20,27.59,26.68,4.0861
2016-01-21,26.69,29.55,4.1558
2016-01-22,22.34,32.07,4.1232
2016-01-25,24.15,30.31,4.1002
2016-01-26,22.5,29.54,4.0967
2016-01-27,23.11,32.32,4.0448
2016-01-28,22.42,33.21,4.0838
2016-01-29,20.2,33.66,4.0428
2016-02-01,19.98,31.62,3.9986
2016-02-02,21.98,29.9,3.9919
2016-02-03,21.65,32.29,3.9558
2016-02-04,21.84,31.63,3.8653
2016-02-05,23.38,30.86,3.8975
2016-02-10,26.29,27.54,3.9412
2016-02-11,28.14,26.19,3.9642
2016-02-12,25.4,29.32,3.9891
2016-02-15,NA,NA,3.9885
2016-02-16,24.11,29.05,4.0213
2016-02-17,22.31,30.68,4.0318
2016-02-18,21.64,30.77,4.0091
2016-02-19,20.53,29.59,4.0492
2016-02-22,19.38,31.37,3.9618
2016-02-23,20.98,31.84,3.9684
2016-02-24,20.72,30.35,3.99
2016-02-25,19.11,31.4,3.94
2016-02-26,19.81,31.65,3.9578
2016-02-29,20.55,32.74,3.9796
2016-03-01,17.7,34.39,3.9913
2016-03-02,17.09,34.57,3.9116
2016-03-03,16.7,34.56,3.8504
2016-03-04,16.86,35.91,3.7188
2016-03-07,17.35,37.9,3.7714
2016-03-08,18.67,36.67,3.7813
2016-03-09,18.34,37.62,3.7037
2016-03-10,18.05,37.77,3.67
2016-03-11,16.5,38.51,3.6271
2016-03-14,16.92,37.2,3.6239
2016-03-15,16.84,36.32,3.7116
2016-03-16,14.99,38.43,3.8079
2016-03-17,14.44,40.17,3.6445
2016-03-18,14.02,39.47,3.6146
2016-03-21,13.79,39.91,3.6229
2016-03-22,14.17,41.45,3.6073
2016-03-23,14.94,38.28,3.6531
2016-03-24,14.74,38.14,3.6948
2016-03-28,15.24,37.99,3.6408
2016-03-29,13.82,36.91,3.6687
2016-03-30,13.56,36.91,3.6116
2016-03-31,13.95,36.94,3.5589
2016-04-01,13.1,35.36,3.5799
2016-04-04,14.12,34.3,3.5871
2016-04-05,15.42,34.52,3.6581
2016-04-06,14.09,37.74,3.6749
2016-04-07,16.16,37.3,3.6921
2016-04-08,15.36,39.74,3.6385
2016-04-11,16.26,40.46,3.5284
2016-04-12,14.85,42.12,3.5406
2016-04-13,13.84,41.7,3.5429
2016-04-14,13.72,41.45,3.5126
2016-04-15,13.62,40.4,3.5276
2016-04-18,13.35,39.74,3.5904
2016-04-19,13.24,40.88,3.5538
2016-04-20,13.28,42.72,3.5503
2016-04-22,13.22,42.76,3.5829
2016-04-25,14.08,41.67,3.5472
2016-04-26,13.96,42.52,3.5301
2016-04-27,13.77,45.29,3.5295
2016-04-28,15.22,46.03,3.4992
2016-04-29,15.7,45.98,3.4508
2016-05-02,14.68,44.75,3.4991
2016-05-03,15.6,43.65,3.555
2016-05-04,16.05,43.77,3.5397
2016-05-05,15.91,44.33,3.5296
2016-05-06,14.72,44.58,3.5362
2016-05-09,14.57,43.45,3.5387
2016-05-10,13.63,44.68,3.4772
2016-05-11,14.69,46.21,3.4645
2016-05-12,14.41,46.64,3.4877
2016-05-13,15.04,46.22,3.5041
2016-05-16,14.68,47.72,3.5035
2016-05-17,15.57,48.29,3.5037
2016-05-18,15.95,48.12,3.5368
2016-05-19,16.33,48.16,3.6003
2016-05-20,15.2,47.67,3.5419
2016-05-23,15.82,48.12,3.566
2016-05-24,14.42,48.04,3.5491
2016-05-25,13.9,49.1,3.5804
2016-05-27,13.12,49.36,3.6168
2016-05-30,NA,NA,3.5997
2016-05-31,14.19,49.1,3.5951
2016-06-01,14.2,49.07,3.6126
2016-06-02,13.63,49.14,3.5961
2016-06-03,13.47,48.69,3.5409
2016-06-06,13.65,49.71,3.5098
2016-06-07,14.05,50.37,3.4745
2016-06-08,14.08,51.23,3.3898
2016-06-09,14.64,50.52,3.3817
2016-06-10,17.03,49.09,3.4261
2016-06-13,20.97,48.89,3.4533
2016-06-14,20.5,48.49,3.4839
2016-06-15,20.14,47.92,3.4768
2016-06-16,19.37,46.14,3.4904
2016-06-17,19.41,48,3.4372
2016-06-20,18.37,49.4,3.3835
2016-06-21,18.48,48.95,3.3897
2016-06-22,21.17,49.16,3.3883
2016-06-23,17.25,49.34,3.3533
2016-06-24,25.76,46.7,3.3772
2016-06-27,23.85,45.8,3.3934
2016-06-28,18.75,47.93,3.3267
2016-06-29,16.64,49.85,3.2435
2016-06-30,15.63,48.27,3.2098
2016-07-01,14.77,49.02,3.2298
2016-07-04,NA,NA,3.248
2016-07-05,15.58,46.73,3.2904
2016-07-06,14.96,47.37,3.3242
2016-07-07,14.76,45.22,3.3388
2016-07-08,13.2,45.37,3.2968
2016-07-11,13.54,44.73,3.3031
2016-07-12,13.55,46.82,3.275
2016-07-13,13.04,44.87,3.2896
2016-07-14,12.82,45.64,3.2311
2016-07-15,12.67,45.93,3.2656
2016-07-18,12.44,45.23,3.2634
2016-07-19,11.97,44.64,3.2801
2016-07-20,11.77,44.96,3.2512
2016-07-21,12.74,43.96,3.2585
2016-07-22,12.02,43.41,3.2854
2016-07-25,12.87,42.4,3.2819
2016-07-26,13.05,42.16,3.279
2016-07-27,12.83,41.9,3.282
2016-07-28,12.72,41.13,3.274
2016-07-29,11.87,41.54,3.239
2016-08-01,12.44,40.05,3.2662
2016-08-02,13.37,39.5,3.249
2016-08-03,12.86,40.8,3.2733
2016-08-04,12.42,41.92,3.2183
2016-08-05,11.39,41.83,3.1859
2016-08-08,11.5,43.06,3.1771
2016-08-09,11.66,42.78,3.1503
2016-08-10,12.05,41.75,3.1302
2016-08-11,11.68,43.51,3.1364
2016-08-12,11.55,44.47,3.1602
2016-08-15,11.81,45.72,3.1672
2016-08-16,12.64,46.57,3.1749
2016-08-17,12.19,46.81,3.2248
2016-08-18,11.43,48.2,3.2215
2016-08-19,11.34,48.48,3.2267
2016-08-22,12.27,46.8,3.2163
2016-08-23,12.38,47.54,3.2054
2016-08-24,13.45,46.29,3.2372
2016-08-25,13.63,46.97,3.2319
2016-08-26,13.65,47.64,3.2153
2016-08-29,12.94,46.97,3.2613
2016-08-30,13.12,46.32,3.2525
2016-08-31,13.42,44.68,3.2403
2016-09-01,13.48,43.17,3.2472
2016-09-02,11.98,44.39,3.2431
2016-09-05,NA,NA,3.2721
2016-09-06,12.02,44.85,3.2452
2016-09-08,12.51,47.63,3.1934
2016-09-09,17.5,45.88,3.2638
2016-09-12,15.16,46.28,3.2854
2016-09-13,17.85,44.91,3.2972
2016-09-14,18.14,43.62,3.3262
2016-09-15,16.3,43.85,3.3326
2016-09-16,15.37,43.04,3.3004
2016-09-19,15.53,43.34,3.2636
2016-09-20,15.92,43.85,3.254
2016-09-21,13.3,45.33,3.2408
2016-09-22,12.02,46.1,3.2015
2016-09-23,12.29,44.36,3.2242
2016-09-26,14.5,45.6,3.24
2016-09-27,13.1,44.65,3.2358
2016-09-28,12.39,47.07,3.2476
2016-09-29,14.02,47.72,3.2235
2016-09-30,13.29,47.72,3.2462
2016-10-03,13.57,48.8,3.2338
2016-10-04,13.63,48.67,3.2203
2016-10-05,12.99,49.75,3.2359
2016-10-06,12.84,50.44,3.231
2016-10-07,13.48,49.76,3.2134
2016-10-10,13.38,49.76,3.2125
2016-10-11,15.36,50.72,3.2136
2016-10-13,16.69,50.47,3.2087
2016-10-14,16.12,50.35,3.1864
2016-10-17,16.21,49.97,3.1963
2016-10-18,15.28,50.3,3.1874
2016-10-19,14.41,51.59,3.18
2016-10-20,13.75,50.31,3.1605
2016-10-21,13.34,50.61,3.1593
2016-10-24,13.02,50.18,3.1311
2016-10-25,13.46,49.45,3.1193
2016-10-26,14.24,48.75,3.1219
2016-10-27,15.36,49.71,3.1429
2016-10-28,16.19,48.72,3.1815
2016-10-31,17.06,46.83,3.1811
2016-11-01,18.56,46.66,3.2053
2016-11-03,22.08,44.66,3.231
2016-11-04,22.51,44.07,3.2449
2016-11-07,18.71,44.88,3.2024
2016-11-08,18.74,44.96,3.2024
2016-11-09,14.38,45.2,3.2258
2016-11-10,14.74,44.62,3.3104
2016-11-11,14.17,43.39,3.4377
2016-11-14,14.48,43.29,3.4446
2016-11-16,13.72,45.56,3.4183
2016-11-17,13.35,45.37,3.4052
2016-11-18,12.85,45.69,3.3917
2016-11-21,12.42,47.48,3.3517
2016-11-22,12.41,48.07,3.3476
2016-11-23,12.43,46.72,3.3927
2016-11-24,NA,NA,3.3987
2016-11-25,12.34,46.72,3.4279
2016-11-28,13.15,45.66,3.3996
2016-11-29,12.9,45.29,3.406
2016-11-30,13.33,49.41,3.3967
2016-12-01,14.07,51.08,3.4362
2016-12-02,14.12,51.7,3.465
2016-12-05,12.14,51.72,3.4598
2016-12-06,11.79,50.95,3.4354
2016-12-07,12.22,49.85,3.3895
2016-12-08,12.64,50.84,3.4008
2016-12-09,11.75,51.51,3.3858
2016-12-12,12.64,52.74,3.3697
2016-12-13,12.72,52.99,3.334
2016-12-14,13.19,51.01,3.3103
2016-12-15,12.79,50.9,3.383
2016-12-16,12.2,51.93,3.3712
2016-12-19,11.71,52.13,3.3778
2016-12-20,11.45,52.22,3.3586
2016-12-21,11.27,51.44,3.3297
2016-12-22,11.43,51.98,3.3302
2016-12-23,11.44,52.01,3.2696
2016-12-26,NA,NA,3.2701
2016-12-27,11.99,52.82,3.2776
2016-12-28,12.95,54.01,3.2774
2016-12-29,13.37,53.8,3.2591
2016-12-30,14.04,53.75,3.2591
2017-01-02,NA,NA,3.2729
2017-01-03,12.85,52.36,3.2632
2017-01-04,11.85,53.26,3.2333
2017-01-05,11.67,53.77,3.2129
2017-01-06,11.32,53.98,3.2057
2017-01-09,11.56,51.95,3.2097
2017-01-10,11.49,50.82,3.1918
2017-01-11,11.26,52.19,3.2154
2017-01-12,11.54,53.01,3.1661
2017-01-13,11.23,52.36,3.2034
2017-01-16,NA,NA,3.2234
2017-01-17,11.87,52.45,3.21
2017-01-18,12.48,51.12,3.2211
2017-01-19,12.78,51.39,3.2113
2017-01-20,11.54,52.33,3.1918
2017-01-23,11.77,52.77,3.1609
2017-01-24,11.07,52.38,3.1649
2017-01-25,10.81,52.14,3.169
2017-01-26,10.63,53.24,3.1804
2017-01-27,10.58,53.18,3.1596
2017-01-30,11.88,52.63,3.1316
2017-01-31,11.99,52.75,3.127
2017-02-01,11.81,53.9,3.1479
2017-02-02,11.93,53.55,3.1196
2017-02-03,10.97,53.81,3.1241
2017-02-06,11.37,53.01,3.1179
2017-02-07,11.29,52.19,3.1304
2017-02-08,11.45,52.37,3.1255
2017-02-09,10.88,52.99,3.1185
2017-02-10,10.85,53.84,3.1155
2017-02-13,11.07,52.96,3.1175
2017-02-14,10.74,53.21,3.1004
2017-02-15,11.97,53.11,3.0779
2017-02-16,11.76,53.41,3.051
2017-02-17,11.49,53.41,3.095
2017-02-20,NA,NA,3.0918
2017-02-21,11.57,54.02,3.097
2017-02-22,11.74,53.61,3.0824
2017-02-23,11.71,54.48,3.0638
2017-02-24,11.47,53.99,3.0993
2017-03-01,12.54,53.82,3.0976
2017-03-02,11.81,52.63,3.1138
2017-03-03,10.96,53.33,3.1364
2017-03-06,11.24,53.19,3.1111
2017-03-07,11.45,52.68,3.1185
2017-03-08,11.86,49.83,3.1477
2017-03-09,12.3,48.75,3.1735
2017-03-10,11.66,48.05,3.1623
2017-03-13,11.35,47.95,3.1541
2017-03-14,12.3,47.24,3.1639
2017-03-15,11.63,48.34,3.1629
2017-03-16,11.21,48.3,3.108
2017-03-17,11.28,48.34,3.1075
2017-03-20,11.34,47.79,3.0898
2017-03-21,12.47,47.02,3.0765
2017-03-22,12.81,47.29,3.0939
2017-03-23,13.12,47,3.1248
2017-03-24,12.96,47.3,3.1282
2017-03-27,12.5,47.02,3.1256
2017-03-28,11.53,48.36,3.1303
2017-03-29,11.42,49.47,3.1229
2017-03-30,11.54,50.3,3.1247
2017-03-31,12.37,50.54,3.1684
2017-04-03,12.38,50.25,3.1167
2017-04-04,11.79,50.99,3.1231
2017-04-05,12.89,51.14,3.0923
2017-04-06,12.39,51.69,3.116
2017-04-07,12.87,52.25,3.1302
2017-04-10,14.05,53.06,3.1409
2017-04-11,15.07,53.38,3.1424
2017-04-12,15.77,53.12,3.1463
2017-04-13,15.96,53.19,3.1269
2017-04-17,14.66,52.62,3.1036
2017-04-18,14.42,52.46,3.0958
2017-04-19,14.93,50.49,3.1294
2017-04-20,14.15,50.26,3.1453
2017-04-24,10.84,48.9,3.1251
2017-04-25,10.76,49.22,3.1577
2017-04-26,10.85,49.22,3.1847
2017-04-27,10.36,48.96,3.1763
2017-04-28,10.82,49.31,3.1984
2017-05-02,10.59,47.65,3.1724
2017-05-03,10.68,47.79,3.1489
2017-05-04,10.46,45.55,3.178
2017-05-05,10.57,46.23,3.1764
2017-05-08,9.77,46.46,3.1938
2017-05-09,9.96,45.84,3.1857
2017-05-10,10.21,47.28,3.1606
2017-05-11,10.6,47.81,3.1559
2017-05-12,10.4,47.83,3.129
2017-05-15,10.42,48.86,3.1011
2017-05-16,10.65,48.64,3.0924
2017-05-17,15.59,49.04,3.1076
2017-05-18,14.66,49.36,3.3807
2017-05-19,12.04,50.32,3.2878
2017-05-22,10.93,50.81,3.2863
2017-05-23,10.72,51.12,3.2654
2017-05-24,10.02,50.99,3.2629
2017-05-25,9.99,48.57,3.2824
2017-05-26,9.81,49.58,3.2614
2017-05-29,NA,NA,3.2709
2017-05-30,10.38,49.63,3.2659
2017-05-31,10.41,48.29,3.2437
2017-06-01,9.89,48.32,3.2307
2017-06-02,9.75,47.68,3.2401
2017-06-05,10.07,47.4,3.282
2017-06-06,10.45,48.13,3.2817
2017-06-07,10.39,45.8,3.2747
2017-06-08,10.16,45.68,3.2838
2017-06-09,10.7,45.82,3.274
2017-06-12,11.46,46.1,3.2986
2017-06-13,10.42,46.41,3.3208
2017-06-14,10.64,44.79,3.2836
2017-06-16,10.38,44.73,3.2892
2017-06-19,10.37,44.24,3.2975
2017-06-20,10.86,43.34,3.3145
2017-06-21,10.75,42.48,3.3247
2017-06-22,10.48,42.53,3.3362
2017-06-23,10.02,42.86,3.3342
2017-06-26,9.9,43.24,3.3128
2017-06-27,11.06,44.25,3.3172
2017-06-28,10.03,44.74,3.303
2017-06-29,11.44,44.88,3.2952
2017-06-30,11.18,46.02,3.3082
2017-07-03,11.22,NA,3.3015
2017-07-04,NA,NA,3.305
2017-07-05,11.07,45.11,3.3193
2017-07-06,12.54,45.52,3.3064
2017-07-07,11.19,44.25,3.2895
2017-07-10,11.11,44.4,3.265
2017-07-11,10.89,45.06,3.2522
2017-07-12,10.3,45.48,3.2264
2017-07-13,9.9,46.06,3.2108
2017-07-14,9.51,46.53,3.1899
2017-07-17,9.82,46.02,3.1821
2017-07-18,9.89,46.4,3.1668
2017-07-19,9.79,47.1,3.1533
2017-07-20,9.58,46.73,3.1402
2017-07-21,9.36,45.78,3.1256
2017-07-24,9.43,46.21,3.1459
2017-07-25,9.43,47.77,3.1556
2017-07-26,9.6,48.58,3.1657
2017-07-27,10.11,49.05,3.1513
2017-07-28,10.29,49.72,3.1457
2017-07-31,10.26,50.21,3.1307
2017-08-01,10.09,49.19,3.1161
2017-08-02,10.28,49.6,3.1268
2017-08-03,10.44,49.03,3.1194
2017-08-04,10.03,49.57,3.1224
2017-08-07,9.93,49.37,3.1267
2017-08-08,10.96,49.07,3.132
2017-08-09,11.11,49.59,3.1464
2017-08-10,16.04,48.54,3.1543
2017-08-11,15.51,48.81,3.1695
2017-08-14,12.33,47.59,3.1888
2017-08-15,12.04,47.57,3.1976
2017-08-16,11.74,46.8,3.167
2017-08-17,15.55,47.07,3.1603
2017-08-18,14.26,48.59,3.1654
2017-08-21,13.19,47.39,3.1443
2017-08-22,11.35,47.65,3.1539
2017-08-23,12.25,48.45,3.1569
2017-08-24,12.23,47.24,3.1404
2017-08-25,11.28,47.65,3.1462
2017-08-28,11.32,46.4,3.1563
2017-08-29,11.7,46.46,3.1695
2017-08-30,11.22,45.96,3.1638
2017-08-31,10.59,47.26,3.1471
2017-09-01,10.13,47.32,3.1333
2017-09-04,NA,NA,3.1389
2017-09-05,12.23,48.63,3.1203
2017-09-06,11.63,49.13,3.1133
2017-09-08,12.12,47.44,3.0908
2017-09-11,10.73,48.06,3.0852
2017-09-12,10.58,48.21,3.1144
2017-09-13,10.5,49.3,3.1343
2017-09-14,10.44,49.86,3.1354
2017-09-15,10.17,49.9,3.1255
2017-09-18,10.15,49.88,3.1239
2017-09-19,10.18,49.54,3.1323
2017-09-20,9.78,50.29,3.1281
2017-09-21,9.67,50.58,3.1347
2017-09-22,9.59,50.33,3.1285
2017-09-25,10.21,51.85,3.1412
2017-09-26,10.17,51.59,3.1674
2017-09-27,9.87,52.14,3.1932
2017-09-28,9.55,51.62,3.1871
2017-09-29,9.51,51.67,3.168
2017-10-02,9.45,50.59,3.1642
2017-10-03,9.51,50.44,3.1502
2017-10-04,9.63,50,3.1315
2017-10-05,9.19,50.79,3.1347
2017-10-06,9.65,49.34,3.1648
2017-10-09,10.33,49.58,3.177
2017-10-10,10.08,50.93,3.1688
2017-10-11,9.85,51.3,3.1639
2017-10-13,9.61,51.43,3.1572
2017-10-16,9.91,51.86,3.1607
2017-10-17,10.31,51.87,3.1769
2017-10-18,10.07,52.05,3.1673
2017-10-19,10.05,51.29,3.1732
2017-10-20,9.97,51.63,3.1833
2017-10-23,11.07,51.91,3.2003
2017-10-24,11.16,52.32,3.247
2017-10-25,11.23,51.97,3.2387
2017-10-26,11.3,52.41,3.2444
2017-10-27,9.8,53.92,3.2801
2017-10-30,10.5,54.11,3.2547
2017-10-31,10.18,54.36,3.2769
2017-11-01,10.2,54.32,3.2736
2017-11-03,9.14,55.63,3.292
2017-11-06,9.4,57.34,3.2851
2017-11-07,9.89,57.19,3.2733
2017-11-08,9.78,56.82,3.2509
2017-11-09,10.5,57.16,3.2515
2017-11-10,11.29,56.75,3.2661
2017-11-13,11.5,56.77,3.2873
2017-11-14,11.59,55.67,3.2834
2017-11-16,11.76,55.14,3.2808
2017-11-17,11.43,56.21,3.2788
2017-11-20,10.65,56.21,3.2623
2017-11-21,9.73,56.84,3.2591
2017-11-22,9.88,57.88,3.2561
2017-11-23,NA,NA,3.2371
2017-11-24,9.67,58.94,3.23
2017-11-27,9.87,58.1,3.2218
2017-11-28,10.03,57.96,3.2232
2017-11-29,10.7,57.25,3.2136
2017-11-30,11.28,57.4,3.2616
2017-12-01,11.43,58.35,3.2636
2017-12-04,11.68,57.48,3.2506
2017-12-05,11.33,57.66,3.2322
2017-12-06,11.02,55.79,3.2354
2017-12-07,10.16,56.5,3.2892
2017-12-08,9.58,57.15,3.2811
2017-12-11,9.34,57.84,3.2845
2017-12-12,9.92,57.12,3.3149
2017-12-13,10.18,56.59,3.3036
2017-12-14,10.49,57,3.3332
2017-12-15,9.42,57.29,3.3182
2017-12-18,9.53,57.17,3.2881
2017-12-19,10.03,57.49,3.2883
2017-12-20,9.72,58.09,3.2909
2017-12-21,9.62,58.34,3.3045
2017-12-22,9.9,58.25,3.3209
2017-12-26,10.25,59.55,3.32
2017-12-27,10.47,59.67,3.3031
2017-12-28,10.18,59.84,3.308
2017-12-29,11.04,60.46,3.308
2018-01-02,9.77,60.37,3.2697
2018-01-03,9.15,61.61,3.2535
2018-01-04,9.22,61.98,3.2318
2018-01-05,9.22,61.49,3.2409
2018-01-08,9.52,61.73,3.2357
2018-01-09,10.08,62.92,3.2397
2018-01-10,9.82,63.6,3.2467
2018-01-11,9.88,63.81,3.2301
2018-01-12,10.16,64.22,3.2197
2018-01-15,NA,NA,3.1963
2018-01-16,11.66,63.82,3.2219
2018-01-17,11.91,63.92,3.2324
2018-01-18,12.22,63.96,3.2129
2018-01-19,11.27,63.38,3.2087
2018-01-22,11.03,63.66,3.1934
2018-01-23,11.1,64.45,3.2249
2018-01-24,11.47,65.69,3.197
2018-01-25,11.58,65.62,3.1391
2018-01-26,11.08,66.27,3.145
2018-01-29,13.84,65.71,3.1655
2018-01-30,14.79,64.64,3.1661
2018-01-31,13.54,64.82,3.1624
2018-02-01,13.47,65.92,3.173
2018-02-02,17.31,65.5,3.206
2018-02-05,37.32,64.18,3.2355
2018-02-06,29.98,63.48,3.2613
2018-02-07,27.73,61.91,3.2467
2018-02-08,33.46,61.3,3.2692
2018-02-09,29.06,59.2,3.2821
2018-02-14,19.26,60.7,3.2536
2018-02-15,19.13,61.48,3.2208
2018-02-16,19.46,61.89,3.2381
2018-02-19,NA,NA,3.2347
2018-02-20,20.6,61.91,3.2507
2018-02-21,20.02,61.73,3.2555
2018-02-22,18.72,62.72,3.2598
2018-02-23,16.49,63.52,3.2417
2018-02-26,15.8,63.81,3.2351
2018-02-27,18.59,62.94,3.2383
2018-02-28,19.85,61.43,3.2449
2018-03-01,22.47,60.98,3.262
2018-03-02,19.59,61.19,3.2614
2018-03-05,18.73,62.49,3.2582
2018-03-06,18.36,62.54,3.2246
2018-03-07,17.76,61.09,3.2318
2018-03-08,16.54,60.13,3.2518
2018-03-09,14.64,62.02,3.2496
2018-03-12,15.78,61.35,3.2606
2018-03-13,16.35,60.69,3.2492
2018-03-14,17.23,60.89,3.2584
2018-03-15,16.59,61.16,3.2859
2018-03-16,15.8,62.29,3.2905
2018-03-19,19.02,62.01,3.2911
2018-03-20,18.2,63.37,3.2981
2018-03-21,17.86,65.1,3.2921
2018-03-22,23.34,64.25,3.3033
2018-03-23,24.87,65.8,3.3041
2018-03-26,21.03,65.49,3.3034
2018-03-27,22.5,65.21,3.3256
2018-03-28,22.87,64.3,3.338
2018-03-29,19.97,64.87,3.3238
2018-04-02,23.62,63.05,3.3104
2018-04-03,21.1,63.41,3.3139
2018-04-04,20.06,63.35,3.3538
2018-04-05,18.94,63.53,3.3196
2018-04-06,21.49,62.03,3.3666
2018-04-09,21.77,63.4,3.3903
2018-04-10,20.47,65.48,3.4195
2018-04-11,20.24,66.81,3.4052
2018-04-12,18.49,67.07,3.3858
2018-04-13,17.41,67.35,3.4105
2018-04-16,16.56,66.23,3.4263
2018-04-17,15.25,66.5,3.4041
2018-04-18,15.6,68.44,3.3844
2018-04-19,15.96,68.3,3.3977
2018-04-20,16.88,68.26,3.4101
2018-04-23,16.34,67.61,3.4421
2018-04-24,18.02,67.66,3.4667
2018-04-25,17.84,68,3.504
2018-04-26,16.24,68.18,3.4977
2018-04-27,15.41,68.11,3.4676
2018-04-30,15.93,68.56,3.4811
2018-05-02,15.97,67.91,3.5424
2018-05-03,15.9,68.45,3.5484
2018-05-04,14.77,69.71,3.5308
2018-05-07,14.75,70.74,3.5458
2018-05-08,14.71,68.83,3.5788
2018-05-09,13.42,71.16,3.5943
2018-05-10,13.23,71.36,3.5566
2018-05-11,12.65,70.69,3.5716
2018-05-14,12.93,71.01,3.6097
2018-05-15,14.63,71.34,3.6753
2018-05-16,13.42,71.43,3.6803
2018-05-17,13.43,71.47,3.6874
2018-05-18,13.42,71.23,3.7503
2018-05-21,13.08,72.26,3.7072
2018-05-22,13.22,72.09,3.6502
2018-05-23,12.58,71.85,3.6507
2018-05-24,12.53,70.77,3.6436
2018-05-25,13.22,67.92,3.6587
2018-05-28,NA,NA,3.7092
2018-05-29,17.02,66.8,3.7289
2018-05-30,14.94,68.24,3.737
2018-06-01,13.46,65.81,3.7413
2018-06-04,12.74,64.76,3.7424
2018-06-05,12.4,65.51,3.7752
2018-06-06,11.64,64.75,3.8193
2018-06-07,12.13,65.96,3.9
2018-06-08,12.18,65.77,3.7859
2018-06-11,12.35,66.1,3.6913
2018-06-12,12.34,66.38,3.7044
2018-06-13,12.94,66.63,3.7054
2018-06-14,12.12,66.91,3.7057
2018-06-15,11.98,65.01,3.7738
2018-06-18,12.31,65.91,3.7543
2018-06-19,13.35,65.09,3.7566
2018-06-20,12.79,65.92,3.7335
2018-06-21,14.64,65.68,3.7894
2018-06-22,13.77,69.02,3.7663
2018-06-25,17.33,69.91,3.776
2018-06-26,15.92,75.23,3.7721
2018-06-27,17.91,77.41,3.8358
2018-06-28,16.85,73.45,3.8521
2018-06-29,16.09,74.13,3.8558
2018-07-02,15.6,73.89,3.9055
2018-07-03,16.14,74.19,3.892
2018-07-04,NA,NA,3.9058
2018-07-05,14.97,73.05,3.9192
2018-07-06,13.37,73.78,3.9264
2018-07-09,12.69,73.93,3.8692
2018-07-10,12.64,74.11,3.8452
2018-07-11,13.63,70.47,3.8417
2018-07-12,12.58,70.28,3.8564
2018-07-13,12.18,71.03,3.8745
2018-07-16,12.83,68.22,3.8579
2018-07-17,12.06,68.03,3.8671
2018-07-18,12.1,68.78,3.8474
2018-07-19,12.87,69.42,3.8847
2018-07-20,12.86,70.31,3.7793
2018-07-23,12.62,67.9,3.7915
2018-07-24,12.41,70.77,3.7459
2018-07-25,12.29,71.13,3.712
2018-07-26,12.14,71.59,3.7243
2018-07-27,13.03,68.66,3.7164
2018-07-30,14.26,71.19,3.7155
2018-07-31,12.83,69.88,3.7549
2018-08-01,13.15,68.8,3.7491
2018-08-02,12.19,68.95,3.7645
2018-08-03,11.64,68.49,3.7201
2018-08-06,11.27,69.01,3.7214
2018-08-07,10.93,69.17,3.7118
2018-08-08,10.85,66.92,3.7519
2018-08-09,11.27,66.81,3.803
2018-08-10,13.16,67.61,3.8472
2018-08-13,14.78,67.25,3.8988
2018-08-14,13.31,67.04,3.8812
2018-08-15,14.64,65.07,3.9134
2018-08-16,13.45,65.44,3.881
2018-08-17,12.64,65.93,3.9389
2018-08-20,12.49,66.5,3.943
2018-08-21,12.86,67.32,3.9873
2018-08-22,12.25,67.85,4.074
2018-08-23,12.41,69.13,4.0727
2018-08-24,11.99,69.71,4.0854
2018-08-27,12.16,69.97,4.0687
2018-08-28,12.5,68.54,4.1192
2018-08-29,12.25,69.68,4.1353
2018-08-30,13.53,70.25,4.1812
2018-08-31,12.86,69.84,4.1353
2018-09-03,NA,NA,4.1279
2018-09-04,13.16,69.82,4.1652
2018-09-05,13.91,68.69,4.1609
2018-09-06,14.65,67.81,4.146
2018-09-10,14.16,67.55,4.1007
2018-09-11,13.22,69.29,4.1641
2018-09-12,13.14,70.37,4.1259
2018-09-13,12.37,68.6,4.1637
2018-09-14,12.07,68.98,4.1879
2018-09-17,13.68,68.86,4.1695
2018-09-18,12.79,69.87,4.1369
2018-09-19,11.75,71.08,4.1351
2018-09-20,11.8,70.77,4.0997
2018-09-21,11.68,70.8,4.0728
2018-09-24,12.2,73.23,4.0594
2018-09-25,12.42,73.4,4.1286
2018-09-26,12.89,72.22,4.057
2018-09-27,12.41,72.18,4.0092
2018-09-28,12.12,73.16,4.0039
2018-10-01,12,75.37,4.0273
2018-10-02,12.05,75.16,3.9505
2018-10-03,11.61,76.4,3.8542
2018-10-04,14.22,74.44,3.9047
2018-10-05,14.82,74.26,3.8699
2018-10-08,15.69,74.27,3.7588
2018-10-09,15.95,74.95,3.7391
2018-10-10,22.96,73.18,3.751
2018-10-11,24.98,70.97,3.746
2018-10-15,21.3,71.84,3.7332
2018-10-16,17.62,71.93,3.7079
2018-10-17,17.4,69.63,3.7008
2018-10-18,20.06,68.63,3.6963
2018-10-19,19.89,69.16,3.7079
2018-10-22,19.64,69.25,3.6903
2018-10-23,20.71,66.49,3.708
2018-10-24,25.23,66.56,3.706
2018-10-25,24.22,67.25,3.7014
2018-10-26,24.16,67.58,3.6753
2018-10-29,24.7,67,3.6368
2018-10-30,23.35,66.18,3.7019
2018-10-31,21.23,65.31,3.7177
2018-11-01,19.34,63.67,3.6973
2018-11-05,19.96,63.12,3.7048
2018-11-06,19.91,62.16,3.7492
2018-11-07,16.36,61.69,3.7592
2018-11-08,16.72,60.71,3.7391
2018-11-09,17.36,60.19,3.7506
2018-11-12,20.45,59.85,3.7478
2018-11-13,20.02,55.63,3.7792
2018-11-14,21.25,56.16,3.7924
2018-11-16,18.14,56.49,3.7525
2018-11-19,20.1,57.16,3.7553
2018-11-20,22.48,53.39,3.7591
2018-11-21,20.8,54.41,3.7872
2018-11-22,NA,NA,3.8103
2018-11-23,21.52,NA,3.8081
2018-11-26,18.9,51.46,3.8655
2018-11-27,19.02,51.31,3.8925
2018-11-28,18.49,50.06,3.8631
2018-11-29,18.79,51.46,3.8568
2018-11-30,18.07,50.78,3.8633
2018-12-03,16.44,52.98,3.8285
2018-12-04,20.74,53.21,3.8313
2018-12-05,NA,52.64,3.8561
2018-12-06,21.19,51.54,3.9178
2018-12-07,23.23,52.76,3.8964
2018-12-10,22.64,51.07,3.911
2018-12-11,21.76,51.65,3.9013
2018-12-12,21.46,51.04,3.8629
2018-12-13,20.65,52.69,3.879
2018-12-14,21.63,51.26,3.909
2018-12-17,24.52,49.8,3.9121
2018-12-18,25.58,46.12,3.8997
2018-12-19,25.58,47.96,3.8907
2018-12-20,28.38,45.64,3.8443
2018-12-21,30.11,45.38,3.8671
2018-12-24,36.07,NA,3.8855
2018-12-26,30.41,46.04,3.9258
2018-12-27,29.96,44.48,3.933
2018-12-28,28.34,45.15,3.8748
2018-12-31,25.42,NA,3.8748
2019-01-02,23.22,46.31,3.8595
2019-01-03,25.45,46.92,3.7683
2019-01-04,21.38,47.76,3.7627
2019-01-07,21.4,48.27,3.7062
2019-01-08,20.47,49.58,3.7208
2019-01-09,19.98,52.19,3.6931
2019-01-10,19.5,52.42,3.6869
2019-01-11,18.19,51.44,3.7141
2019-01-14,19.07,50.31,3.726
2019-01-15,18.6,51.8,3.7049
2019-01-16,19.04,52.08,3.7197
2019-01-17,18.06,51.83,3.7591
2019-01-18,17.8,53.6,3.7486
2019-01-21,NA,NA,3.7705
2019-01-22,20.8,52.59,3.7615
2019-01-23,19.52,52.44,3.7994
2019-01-24,18.89,52.94,3.7815
2019-01-25,17.42,53.53,3.7626
2019-01-28,18.87,51.79,3.7676
2019-01-29,19.13,53.07,3.737
2019-01-30,17.66,54.18,3.7151
2019-01-31,16.57,53.84,3.6519
2019-02-01,16.14,55.29,3.6694
2019-02-04,15.73,54.57,3.6756
2019-02-05,15.57,53.69,3.6741
2019-02-06,15.38,53.94,3.7019
2019-02-07,16.37,52.68,3.7193
2019-02-08,15.72,52.75,3.7184
2019-02-11,15.97,52.43,3.7391
2019-02-12,15.43,53.14,3.7296
2019-02-13,15.65,53.84,3.7277
2019-02-14,16.22,54.4,3.7756
2019-02-15,14.91,55.58,3.7155
2019-02-18,NA,NA,3.7316
2019-02-19,14.88,56.12,3.7206
2019-02-20,14.02,56.9,3.71
2019-02-21,14.46,56.95,3.7595
2019-02-22,13.51,57.01,3.743
2019-02-25,14.85,55.32,3.7285
2019-02-26,15.17,55.4,3.7595
2019-02-27,14.7,56.92,3.7351
2019-02-28,14.78,57.21,3.7385
2019-03-01,13.57,55.76,3.7832
2019-03-06,15.74,56.22,3.8303
2019-03-07,16.59,56.6,3.8487
2019-03-08,16.05,55.77,3.8678
2019-03-11,14.33,56.79,3.8461
2019-03-12,13.77,56.89,3.8129
2019-03-13,13.41,58.27,3.8265
2019-03-14,13.5,58.59,3.8327
2019-03-15,12.88,58.51,3.8344
2019-03-18,13.1,59.09,3.8111
2019-03-19,13.56,59.12,3.7762
2019-03-20,13.91,60.12,3.7897
2019-03-21,13.63,59.98,3.7967
2019-03-22,16.48,58.87,3.8815
2019-03-25,16.33,58.71,3.877
2019-03-26,14.68,59.87,3.8646
2019-03-27,15.15,59.39,3.9389
2019-03-28,14.43,59.29,3.9682
2019-03-29,13.71,60.19,3.8967
2019-04-01,13.4,61.59,3.8682
2019-04-02,13.36,62.53,3.8661
2019-04-03,13.74,62.46,3.8436
2019-04-04,13.58,62.12,3.8713
2019-04-05,12.82,63.1,3.8622
2019-04-08,13.18,64.37,3.8658
2019-04-09,14.28,64.05,3.8563
2019-04-10,13.3,64.62,3.8345
2019-04-11,13.02,63.61,3.8399
2019-04-12,12.01,63.86,3.8685
2019-04-15,12.32,63.43,3.873
2019-04-16,12.18,64.01,3.8913
2019-04-17,12.6,63.74,3.9225
2019-04-18,12.09,64.02,3.937
2019-04-22,12.42,65.66,3.923
2019-04-23,12.28,66.24,3.9436
2019-04-24,13.14,65.96,3.963
2019-04-25,13.25,65.23,3.9725
2019-04-26,12.73,63.29,3.9353
2019-04-29,13.11,63.39,3.9364
2019-04-30,13.12,63.83,3.9453
2019-05-02,14.42,61.75,3.965
2019-05-03,12.87,61.98,3.9388
2019-05-06,15.44,62.3,3.9624
2019-05-07,19.32,61.41,3.988
2019-05-08,19.4,62.13,3.9344
2019-05-09,19.1,61.58,3.9673
2019-05-10,16.04,61.65,3.9578
2019-05-13,20.55,60.97,3.989
2019-05-14,18.06,61.82,3.9788
2019-05-15,16.44,62.03,4.0031
2019-05-16,15.29,62.93,4.0138
2019-05-17,15.96,62.77,4.0844
2019-05-20,16.31,63.12,4.1056
2019-05-21,14.95,63.02,4.081
2019-05-22,14.75,61.42,4.0228
2019-05-23,16.92,57.65,4.0513
2019-05-24,15.85,58.4,4.0322
2019-05-27,NA,NA,4.021
2019-05-28,17.5,58.91,4.0275
2019-05-29,17.9,58.84,3.9965
2019-05-30,17.3,56.47,3.972
2019-05-31,18.71,53.49,3.9407
2019-06-03,18.86,53.25,3.9003
2019-06-04,16.97,53.5,3.871
2019-06-05,16.09,51.57,3.8611
2019-06-06,15.93,52.59,3.8726
2019-06-07,16.3,53.95,3.8571
2019-06-10,15.94,53.33,3.879
2019-06-11,15.99,53.3,3.8664
2019-06-12,15.91,51.13,3.8437
2019-06-13,15.82,52.38,3.8429
2019-06-14,15.28,52.47,3.8813
2019-06-17,15.35,51.94,3.8895
2019-06-18,15.15,53.86,3.8608
2019-06-19,14.33,53.74,3.8723
2019-06-21,15.4,57.35,3.8255
2019-06-24,15.26,57.73,3.8234
2019-06-25,16.28,57.63,3.8303
2019-06-26,16.21,59.17,3.8441
2019-06-27,15.82,59.18,3.8642
2019-06-28,15.08,58.2,3.8322
2019-07-01,14.06,58.91,3.8193
2019-07-02,12.93,56,3.8564
2019-07-03,12.57,57.06,3.8475
2019-07-04,NA,NA,3.794
2019-07-05,13.28,NA,3.8204
2019-07-08,13.96,57.35,3.8065
2019-07-09,14.09,57.57,3.7858
2019-07-10,13.03,60.28,3.7697
2019-07-11,12.93,59.93,3.7533
2019-07-12,12.39,59.99,3.7452
2019-07-15,12.68,59.3,3.7463
2019-07-16,12.86,57.44,3.7624
2019-07-17,13.97,56.5,3.7618
2019-07-18,13.53,55.08,3.7489
2019-07-19,14.45,55.42,3.7408
2019-07-22,13.53,55.87,3.74
2019-07-23,12.61,56.58,3.7621000000000002
2019-07-24,12.07,55.9,3.7596
2019-07-25,12.74,55.88,3.7849
2019-07-26,12.16,56.04,3.7741
2019-07-29,12.83,56.85,3.7909
2019-07-30,13.94,58.04,3.79
2019-07-31,16.12,58.53,3.7649
2019-08-01,17.87,53.64,3.8296
2019-08-02,17.61,55.67,3.8739
2019-08-05,24.59,54.63,3.9404
2019-08-06,20.17,53.6,3.9643
2019-08-07,19.49,51.14,3.985
2019-08-08,16.91,52.6,3.9409
2019-08-09,17.97,54.41,3.9362
2019-08-12,21.09,54.98,3.9966
2019-08-13,17.52,57.05,3.9736
2019-08-14,22.1,55.16,4.0074
2019-08-15,21.18,54.51,4.0188
2019-08-16,18.47,54.83,3.9933
2019-08-19,16.88,56.24,4.0274
2019-08-20,17.5,56.18,4.0425
2019-08-21,15.8,55.65,4.0254
2019-08-22,16.68,55.33,4.0444
2019-08-23,19.87,54.08,4.0851
2019-08-26,19.32,53.54,4.1367
2019-08-27,20.31,54.99,4.1557
2019-08-28,19.35,55.76,4.1559
2019-08-29,17.88,56.67,4.168
2019-08-30,18.98,55.07,4.1385
2019-09-02,NA,NA,4.1581
2019-09-03,19.66,53.91,4.1657
2019-09-04,17.33,56.22,4.1249
2019-09-05,16.27,56.33,4.0859
2019-09-06,15,56.45,4.065
2019-09-09,15.27,57.88,4.0766
2019-09-10,15.2,57.37,4.1108
2019-09-11,14.61,55.66,4.0631
2019-09-12,14.22,55.13,4.0494
2019-09-13,13.74,54.76,4.0616
2019-09-16,14.67,63.1,4.0872
2019-09-17,14.44,59.26,4.0998
2019-09-18,13.95,58.19,4.0972
2019-09-19,14.05,58.19,4.1393
2019-09-20,15.32,57.92,4.1687
2019-09-23,14.91,58.69,4.1734
2019-09-24,17.05,57.22,4.1721
2019-09-25,15.96,56.38,4.1827
2019-09-26,16.07,56.24,4.1469
2019-09-27,17.22,55.95,4.1587
2019-09-30,16.24,54.09,4.1644
2019-10-01,18.56,53.6,4.174
2019-10-02,20.56,52.67,4.1546
2019-10-03,19.12,52.41,4.1012
2019-10-04,17.04,52.84,4.061
2019-10-07,17.86,52.76,4.0688
2019-10-08,20.28,52.64,4.0868
2019-10-09,18.64,52.63,4.0954
2019-10-10,17.57,53.57,4.1145
2019-10-11,15.58,54.76,4.106
2019-10-14,14.57,53.57,4.1263
2019-10-15,13.54,52.81,4.1488
2019-10-16,13.68,53.42,4.1714
2019-10-17,13.79,53.89,4.1457
2019-10-18,14.25,53.75,4.1376
2019-10-21,14,53.28,4.1319
2019-10-22,14.46,54.21,4.0858
2019-10-23,14.01,55.9,4.0721
2019-10-24,13.71,56.11,4.0089
2019-10-25,12.65,56.52,4.0133
2019-10-28,13.11,55.6,3.9793
2019-10-29,13.2,55.34,3.9946
2019-10-30,12.33,54.85,4.0186
2019-10-31,13.22,54.02,4.0041
2019-11-01,12.3,56.04,3.9786
2019-11-04,12.83,56.33,3.9922
2019-11-05,13.1,57.04,4.0043
2019-11-06,12.62,56.15,4.0351
2019-11-07,12.73,56.91,4.0927
2019-11-08,12.07,57.02,4.1365
2019-11-11,12.69,NA,4.1559
2019-11-12,12.68,56.67,4.1756
2019-11-13,13,56.88,4.1767
2019-11-14,13.05,56.57,4.1831
2019-11-18,12.46,56.82,4.1827
2019-11-19,12.86,54.93,4.2084
2019-11-20,12.78,56.71,4.2037
2019-11-21,13.13,58.36,4.2012
2019-11-22,12.34,57.68,4.1832
2019-11-25,11.87,57.79,4.2089
2019-11-26,11.54,58.25,4.2559
2019-11-27,11.75,58.12,4.2602
2019-11-28,NA,NA,4.248
2019-11-29,12.62,58.12,4.224
2019-12-02,14.91,55.97,4.2261
2019-12-03,15.96,56.15,4.2008
2019-12-04,14.8,58.46,4.1926
2019-12-05,14.52,58.42,4.2136
2019-12-06,13.62,59.2,4.1783
2019-12-09,15.86,58.99,4.1503
2019-12-10,15.68,59.22,4.1427
2019-12-11,14.99,58.74,4.1153
2019-12-12,13.94,59.18,4.1092
2019-12-13,12.63,60.11,4.0949
2019-12-16,12.14,60.21,4.0801
2019-12-17,12.29,60.88,4.0687
2019-12-18,12.58,60.93,4.0548
2019-12-19,12.5,61.3,4.0633
2019-12-20,12.51,60.43,4.0777
2019-12-23,12.61,60.51,4.0757
2019-12-24,12.67,61.17,4.0813
2019-12-26,12.65,61.72,4.0601
2019-12-27,13.43,61.76,4.0545
2019-12-30,14.82,61.66,4.0307
2019-12-31,13.78,61.14,4.0307
2020-01-02,12.47,61.17,4.0213
2020-01-03,14.02,63,4.0522
2020-01-06,13.85,63.27,4.0554
2020-01-07,13.79,62.7,4.0841
2020-01-08,13.45,59.65,4.0672
2020-01-09,12.54,59.56,4.0744
2020-01-10,12.56,59.02,4.0745
2020-01-13,12.32,58.17,4.1309
2020-01-14,12.39,58.34,4.1443
2020-01-15,12.42,57.86,4.1622
2020-01-16,12.32,58.52,4.1726
2020-01-17,12.1,58.55,4.1837
2020-01-20,NA,NA,4.1829
2020-01-21,12.85,58.25,4.2014
2020-01-22,12.91,56.76,4.1889
2020-01-23,12.98,55.51,4.1662
2020-01-24,14.56,54.09,4.1769
2020-01-27,18.23,53.09,4.2196
2020-01-28,16.28,53.33,4.2064
2020-01-29,16.39,53.29,4.2013
2020-01-30,15.49,52.19,4.2523
2020-01-31,18.84,51.58,4.2695
2020-02-03,17.97,50.06,4.2475
2020-02-04,16.05,49.59,4.2381
2020-02-05,15.15,50.87,4.2449
2020-02-06,14.96,50.94,4.2477
2020-02-07,15.47,50.34,4.3076
2020-02-10,15.04,49.59,4.3195
2020-02-11,15.18,50,4.3148
2020-02-12,13.74,51.13,4.3366
2020-02-13,14.15,51.41,4.3389
2020-02-14,13.68,52.03,4.3163
2020-02-17,NA,NA,4.3157
2020-02-18,14.83,52.1,4.3471
2020-02-19,14.38,53.31,4.3728
2020-02-20,15.56,53.77,4.3873
2020-02-21,17.08,53.36,4.3924
2020-02-26,27.56,48.67,4.4359
2020-02-27,39.16,47.17,4.4764
2020-02-28,40.11,44.83,4.4987
2020-03-02,33.42,46.78,4.4946
2020-03-03,36.82,47.27,4.4883
2020-03-04,31.99,46.78,4.5258
2020-03-05,39.62,45.9,4.6207
2020-03-06,41.94,41.14,4.6459
2020-03-09,54.46,31.05,4.7379
2020-03-10,47.3,34.47,4.6693
2020-03-11,53.9,33.13,4.6738
2020-03-12,75.47,31.56,4.8833
2020-03-13,57.83,31.72,4.7362
2020-03-16,82.69,28.96,4.9471
2020-03-17,75.91,26.96,5.0496
2020-03-18,76.45,20.48,5.1107
2020-03-19,72,25.09,5.1444
2020-03-20,66.04,19.48,5.0248
2020-03-23,61.59,23.33,5.0805
2020-03-24,61.67,21.03,5.0713
2020-03-25,63.95,20.75,5.0706
2020-03-26,61,16.6,5.001
2020-03-27,65.54,15.48,5.1109
2020-03-30,57.08,14.1,5.1594
2020-03-31,53.54,20.51,5.1987
2020-04-01,57.06,20.28,5.2404
2020-04-02,50.91,25.18,5.2651
2020-04-03,46.8,28.36,5.2997
2020-04-06,45.24,26.21,5.2471
2020-04-07,46.7,23.54,5.2217
2020-04-08,43.35,24.97,5.2123
2020-04-09,41.67,22.9,5.0779
2020-04-13,41.17,22.36,5.1824
2020-04-14,37.76,20.15,5.1858
2020-04-15,40.84,19.96,5.2579
2020-04-16,40.11,19.82,5.2377
2020-04-17,38.15,18.31,5.2573
2020-04-20,43.83,-36.98,5.2837
2020-04-22,41.98,13.64,5.3847
2020-04-23,41.38,15.06,5.4467
2020-04-24,35.93,15.99,5.651
2020-04-27,33.29,12.17,5.6358
2020-04-28,33.57,12.4,5.5683
2020-04-29,31.23,15.04,5.4291
2020-04-30,34.15,19.23,5.427
2020-05-04,35.97,20.47,5.5816
2020-05-05,33.61,24.56,5.5354
2020-05-06,34.12,23.88,5.6676
2020-05-07,31.44,23.68,5.8365
2020-05-08,27.98,24.73,5.7653
2020-05-11,27.57,24.02,5.7954
2020-05-12,33.04,25.76,5.7723
2020-05-13,35.28,25.37,5.9022
2020-05-14,32.61,27.4,5.9372
2020-05-15,31.89,29.44,5.8229
2020-05-18,29.3,31.83,5.7375
2020-05-19,30.53,32.3,5.7216
2020-05-20,27.99,33.56,5.6968
2020-05-21,29.53,34.3,5.6019
2020-05-22,28.16,33.49,5.5808
2020-05-25,NA,NA,5.4772
2020-05-26,28.01,34.7,5.3707
2020-05-27,27.62,32.8,5.2992
2020-05-28,28.59,33.67,5.3405
2020-05-29,27.51,35.57,5.4263
2020-06-01,28.23,35.49,5.3639
2020-06-02,26.84,36.88,5.2601
2020-06-03,25.66,37.33,5.0516
2020-06-04,25.81,37.42,5.1041
2020-06-05,24.52,39.49,4.9775
2020-06-08,25.81,38.17,4.9331
2020-06-09,27.57,38.98,4.9057
2020-06-10,27.57,39.54,4.8894
2020-06-12,36.09,36.24,5.0373
2020-06-15,34.4,37.07,5.1883
2020-06-16,33.67,38.26,5.1285
2020-06-17,33.47,37.91,5.2499
2020-06-18,32.94,38.79,5.3468
2020-06-19,35.12,39.72,5.3466
2020-06-22,31.77,40.6,5.2226
2020-06-23,31.37,40.4,5.1705
2020-06-24,33.84,37.91,5.2435
2020-06-25,32.22,38.66,5.3287
2020-06-26,34.73,38.53,5.4629
2020-06-29,31.78,39.67,5.4416
2020-06-30,30.43,39.27,5.476
2020-07-01,28.62,39.88,5.3651
2020-07-02,27.68,40.57,5.3028
2020-07-03,NA,NA,5.3374
2020-07-06,27.94,40.51,5.3085
2020-07-07,29.43,40.59,5.3318
2020-07-08,28.08,40.91,5.3482
2020-07-09,29.26,39.64,5.2978
2020-07-10,27.29,40.56,5.344
2020-07-13,32.19,40.06,5.3486
2020-07-14,29.52,40.3,5.4288
2020-07-15,27.76,41.2,5.3491
2020-07-16,28,40.74,5.356
2020-07-17,25.68,40.55,5.351
2020-07-20,24.46,40.83,5.3635
2020-07-21,24.84,41.76,5.2283
2020-07-22,24.32,41.88,5.1111
2020-07-23,26.08,40.99,5.1647
2020-07-24,25.84,41.23,5.2146
2020-07-27,24.74,41.46,5.1889
2020-07-28,25.44,40.89,5.1777
2020-07-29,24.1,41.13,5.1395
2020-07-30,24.76,39.85,5.1837
2020-07-31,24.46,40.1,5.2033
2020-08-03,24.28,40.83,5.3075
2020-08-04,23.76,41.67,5.3329
2020-08-05,22.99,42.25,5.276
2020-08-06,22.65,41.93,5.3431
2020-08-07,22.21,41.16,5.4227
2020-08-10,22.13,41.94,5.3933
2020-08-11,24.03,41.53,5.4285
2020-08-12,22.28,42.6,5.4551
2020-08-13,22.13,42.26,5.3801
2020-08-14,22.05,42.05,5.3852
2020-08-17,21.35,42.89,5.4497
2020-08-18,21.51,42.89,5.4659
2020-08-19,22.54,42.91,5.4906
2020-08-20,22.72,42.62,5.651
2020-08-21,22.54,42.32,5.6064
2020-08-24,22.37,42.44,5.5954
2020-08-25,22.03,43.17,5.5997
2020-08-26,23.27,43.21,5.568
2020-08-27,24.47,42.88,5.5956
2020-08-28,22.96,42.96,5.4679
2020-08-31,26.41,42.61,5.4713
2020-09-01,26.12,42.76,5.3732
2020-09-02,26.57,42.76,5.3741
2020-09-03,33.6,41.39,5.3079
2020-09-04,30.75,39.69,5.2848
2020-09-08,31.46,36.87,5.3698
2020-09-09,28.81,38.05,5.3024
2020-09-10,29.71,37.25,5.2936
2020-09-11,26.87,37.33,5.2854
2020-09-14,25.85,37.23,5.2984
2020-09-15,25.59,38.29,5.2728
2020-09-16,26.04,40.17,5.2532
2020-09-17,26.46,40.99,5.2593
2020-09-18,25.83,41.09,5.2889
2020-09-21,27.78,39.26,5.444
2020-09-22,26.86,39.55,5.4329
2020-09-23,28.58,39.92,5.5311
2020-09-24,28.51,40.11,5.5714
2020-09-25,26.38,40.06,5.5667
2020-09-28,26.19,40.47,5.5858
2020-09-29,26.27,39.03,5.6528
2020-09-30,26.37,40.05,5.6407
2020-10-01,26.7,38.51,5.6441
2020-10-02,27.63,36.9,5.6464
2020-10-05,27.96,39.12,5.6299
2020-10-06,29.48,40.52,5.5205
2020-10-07,28.06,39.82,5.6018
2020-10-08,26.36,41.04,5.62
2020-10-09,25,40.44,5.5393
2020-10-13,26.07,40.03,5.5859
2020-10-14,26.4,40.86,5.5675
2020-10-15,26.97,40.84,5.6172
2020-10-16,27.41,40.7,5.6226
2020-10-19,29.18,40.69,5.6023
2020-10-20,29.35,41.37,5.583
2020-10-21,28.65,39.88,5.6006
2020-10-22,28.11,40.46,5.582
2020-10-23,27.55,39.73,5.612
2020-10-26,32.46,38.39,5.6328
2020-10-27,33.35,39.34,5.6491
2020-10-28,40.28,37.27,5.7325
2020-10-29,37.59,35.94,5.7803
2020-10-30,38.02,35.64,5.7718
2020-11-03,35.55,37.44,5.6895
2020-11-04,29.57,38.97,5.6932
2020-11-05,27.58,38.56,5.5624
2020-11-06,24.86,36.97,5.5313
2020-11-09,25.75,40.05,5.2821
2020-11-10,24.8,41.18,5.3696
2020-11-11,23.45,41.23,5.402
2020-11-12,25.35,40.9,5.4094
2020-11-13,23.1,39.93,5.4854
2020-11-16,22.45,41.14,5.4198
2020-11-17,22.71,41.24,5.3968
2020-11-18,23.84,41.64,5.2932
2020-11-19,23.11,41.57,5.333
2020-11-20,23.7,41.99,5.3505
2020-11-23,22.66,42.91,5.3828
2020-11-24,21.64,44.71,5.4037
2020-11-25,21.25,45.58,5.3508
2020-11-26,NA,NA,5.3201
2020-11-27,20.84,NA,5.3494
2020-11-30,20.57,45.2,5.3317
2020-12-01,20.77,44.54,5.2789
2020-12-02,21.17,45.23,5.2267
2020-12-03,21.28,45.65,5.1625
2020-12-04,20.79,46.23,5.1706
2020-12-07,21.3,45.72,5.1018
2020-12-08,20.68,45.64,5.092
2020-12-09,22.27,45.48,5.1109
2020-12-10,22.52,46.76,5.0852
2020-12-11,23.31,46.59,5.0691
2020-12-14,24.72,47.02,5.0578
2020-12-15,22.89,47.58,5.0968
2020-12-16,22.5,47.86,5.1057
2020-12-17,21.93,48.34,5.0612
2020-12-18,21.57,49.04,5.0986
2020-12-21,25.16,47.79,5.1572
2020-12-22,24.23,47.02,5.1473
2020-12-23,23.31,47.94,5.174
2020-12-24,21.53,48.18,5.18
2020-12-28,21.7,47.5,5.239
2020-12-29,23.08,47.85,5.1942
2020-12-30,22.77,48.24,5.1967
2020-12-31,22.75,48.35,5.1967
2021-01-04,26.97,47.47,5.1626
2021-01-05,25.34,49.78,5.3269
2021-01-06,25.07,50.45,5.3182
2021-01-07,22.37,50.63,5.3433
2021-01-08,21.56,52.14,5.3683
2021-01-11,24.08,52.15,5.4966
2021-01-12,23.33,53.08,5.4637
2021-01-13,22.21,52.81,5.307
2021-01-14,23.25,53.47,5.2617
2021-01-15,24.34,52.25,5.2714
2021-01-18,NA,NA,5.2788
2021-01-19,23.24,52.87,5.2945
2021-01-20,21.58,53.16,5.3033
2021-01-21,21.32,53,5.3166
2021-01-22,21.91,52.28,5.4301
2021-01-25,23.19,52.78,5.5089
2021-01-26,23.02,NA,5.3865
2021-01-27,37.21,NA,5.3824
2021-01-28,30.21,NA,5.4282
2021-01-29,33.09,NA,5.4759
